ts,1770824423.511391,hook_idx,1,bucket_elems,1210945,raw_bytes,4843780,comp_bytes,317877,ratio,15.237906,res_mean_abs,1.129513e-03
ts,1770824423.560302,hook_idx,2,bucket_elems,270913,raw_bytes,1083652,comp_bytes,71119,ratio,15.237166,res_mean_abs,2.297264e-03
ts,1770824423.662787,hook_idx,3,bucket_elems,940032,raw_bytes,3760128,comp_bytes,246763,ratio,15.237811,res_mean_abs,9.237059e-04
ts,1770824423.702453,hook_idx,4,bucket_elems,270913,raw_bytes,1083652,comp_bytes,71119,ratio,15.237166,res_mean_abs,5.786499e-03
ts,1770824423.781195,hook_idx,5,bucket_elems,940032,raw_bytes,3760128,comp_bytes,246763,ratio,15.237811,res_mean_abs,1.420256e-03
ts,1770824423.821359,hook_idx,6,bucket_elems,270913,raw_bytes,1083652,comp_bytes,71119,ratio,15.237166,res_mean_abs,5.826155e-03
ts,1770824423.907204,hook_idx,7,bucket_elems,940032,raw_bytes,3760128,comp_bytes,246763,ratio,15.237811,res_mean_abs,1.433163e-03
ts,1770824423.953886,hook_idx,8,bucket_elems,270913,raw_bytes,1083652,comp_bytes,71119,ratio,15.237166,res_mean_abs,5.731604e-03
ts,1770824424.036190,hook_idx,9,bucket_elems,940032,raw_bytes,3760128,comp_bytes,246763,ratio,15.237811,res_mean_abs,1.391308e-03
ts,1770824424.076911,hook_idx,10,bucket_elems,270913,raw_bytes,1083652,comp_bytes,71119,ratio,15.237166,res_mean_abs,5.665769e-03
ts,1770824424.157651,hook_idx,11,bucket_elems,940032,raw_bytes,3760128,comp_bytes,246763,ratio,15.237811,res_mean_abs,1.363758e-03
ts,1770824424.198951,hook_idx,12,bucket_elems,270913,raw_bytes,1083652,comp_bytes,71119,ratio,15.237166,res_mean_abs,5.734194e-03
ts,1770824424.281236,hook_idx,13,bucket_elems,940032,raw_bytes,3760128,comp_bytes,246763,ratio,15.237811,res_mean_abs,1.402335e-03
ts,1770824424.322990,hook_idx,14,bucket_elems,270913,raw_bytes,1083652,comp_bytes,71119,ratio,15.237166,res_mean_abs,5.744415e-03
ts,1770824424.401879,hook_idx,15,bucket_elems,940032,raw_bytes,3760128,comp_bytes,246763,ratio,15.237811,res_mean_abs,1.411961e-03
ts,1770824424.441605,hook_idx,16,bucket_elems,270913,raw_bytes,1083652,comp_bytes,71119,ratio,15.237166,res_mean_abs,5.998394e-03
ts,1770824424.521648,hook_idx,17,bucket_elems,940032,raw_bytes,3760128,comp_bytes,246763,ratio,15.237811,res_mean_abs,1.467531e-03
ts,1770824424.563975,hook_idx,18,bucket_elems,270913,raw_bytes,1083652,comp_bytes,71119,ratio,15.237166,res_mean_abs,5.948216e-03
ts,1770824424.645117,hook_idx,19,bucket_elems,940032,raw_bytes,3760128,comp_bytes,246763,ratio,15.237811,res_mean_abs,1.418755e-03
ts,1770824424.685642,hook_idx,20,bucket_elems,270913,raw_bytes,1083652,comp_bytes,71119,ratio,15.237166,res_mean_abs,6.139309e-03
ts,1770824424.767489,hook_idx,21,bucket_elems,940032,raw_bytes,3760128,comp_bytes,246763,ratio,15.237811,res_mean_abs,1.472068e-03
ts,1770824424.811173,hook_idx,22,bucket_elems,270913,raw_bytes,1083652,comp_bytes,71119,ratio,15.237166,res_mean_abs,6.050861e-03
ts,1770824424.891940,hook_idx,23,bucket_elems,940032,raw_bytes,3760128,comp_bytes,246763,ratio,15.237811,res_mean_abs,1.387701e-03
ts,1770824424.933106,hook_idx,24,bucket_elems,270913,raw_bytes,1083652,comp_bytes,71119,ratio,15.237166,res_mean_abs,6.223372e-03
ts,1770824425.013049,hook_idx,25,bucket_elems,940032,raw_bytes,3760128,comp_bytes,246763,ratio,15.237811,res_mean_abs,1.419764e-03
ts,1770824425.051922,hook_idx,26,bucket_elems,270913,raw_bytes,1083652,comp_bytes,71119,ratio,15.237166,res_mean_abs,6.246532e-03
ts,1770824425.137040,hook_idx,27,bucket_elems,940032,raw_bytes,3760128,comp_bytes,246763,ratio,15.237811,res_mean_abs,1.375877e-03
ts,1770824425.188243,hook_idx,28,bucket_elems,270913,raw_bytes,1083652,comp_bytes,71119,ratio,15.237166,res_mean_abs,6.376257e-03
ts,1770824425.269216,hook_idx,29,bucket_elems,940032,raw_bytes,3760128,comp_bytes,246763,ratio,15.237811,res_mean_abs,1.344059e-03
ts,1770824425.312583,hook_idx,30,bucket_elems,270913,raw_bytes,1083652,comp_bytes,71119,ratio,15.237166,res_mean_abs,6.659946e-03
ts,1770824425.391013,hook_idx,31,bucket_elems,940032,raw_bytes,3760128,comp_bytes,246763,ratio,15.237811,res_mean_abs,1.437647e-03
ts,1770824425.432170,hook_idx,32,bucket_elems,270913,raw_bytes,1083652,comp_bytes,71119,ratio,15.237166,res_mean_abs,6.711007e-03
ts,1770824425.516745,hook_idx,33,bucket_elems,940032,raw_bytes,3760128,comp_bytes,246763,ratio,15.237811,res_mean_abs,1.423614e-03
ts,1770824425.562860,hook_idx,34,bucket_elems,270913,raw_bytes,1083652,comp_bytes,71119,ratio,15.237166,res_mean_abs,6.797734e-03
ts,1770824425.642651,hook_idx,35,bucket_elems,940032,raw_bytes,3760128,comp_bytes,246763,ratio,15.237811,res_mean_abs,1.355948e-03
ts,1770824425.685207,hook_idx,36,bucket_elems,270913,raw_bytes,1083652,comp_bytes,71119,ratio,15.237166,res_mean_abs,7.091572e-03
ts,1770824425.769106,hook_idx,37,bucket_elems,940032,raw_bytes,3760128,comp_bytes,246763,ratio,15.237811,res_mean_abs,1.389423e-03
ts,1770824425.811561,hook_idx,38,bucket_elems,270913,raw_bytes,1083652,comp_bytes,71119,ratio,15.237166,res_mean_abs,7.305366e-03
ts,1770824425.894789,hook_idx,39,bucket_elems,940032,raw_bytes,3760128,comp_bytes,246763,ratio,15.237811,res_mean_abs,1.427068e-03
ts,1770824425.935051,hook_idx,40,bucket_elems,270913,raw_bytes,1083652,comp_bytes,71119,ratio,15.237166,res_mean_abs,7.568396e-03
ts,1770824426.018906,hook_idx,41,bucket_elems,940032,raw_bytes,3760128,comp_bytes,246763,ratio,15.237811,res_mean_abs,1.449595e-03
ts,1770824426.061454,hook_idx,42,bucket_elems,270913,raw_bytes,1083652,comp_bytes,71119,ratio,15.237166,res_mean_abs,7.690437e-03
ts,1770824426.144287,hook_idx,43,bucket_elems,940032,raw_bytes,3760128,comp_bytes,246763,ratio,15.237811,res_mean_abs,1.406368e-03
ts,1770824426.185285,hook_idx,44,bucket_elems,270913,raw_bytes,1083652,comp_bytes,71119,ratio,15.237166,res_mean_abs,7.941606e-03
ts,1770824426.272788,hook_idx,45,bucket_elems,940032,raw_bytes,3760128,comp_bytes,246763,ratio,15.237811,res_mean_abs,1.429438e-03
ts,1770824426.329045,hook_idx,46,bucket_elems,270913,raw_bytes,1083652,comp_bytes,71119,ratio,15.237166,res_mean_abs,8.278735e-03
ts,1770824426.411866,hook_idx,47,bucket_elems,940032,raw_bytes,3760128,comp_bytes,246763,ratio,15.237811,res_mean_abs,1.464420e-03
ts,1770824426.450864,hook_idx,48,bucket_elems,270913,raw_bytes,1083652,comp_bytes,71119,ratio,15.237166,res_mean_abs,8.499213e-03
ts,1770824426.529512,hook_idx,49,bucket_elems,940032,raw_bytes,3760128,comp_bytes,246763,ratio,15.237811,res_mean_abs,1.444042e-03
ts,1770824426.570586,hook_idx,50,bucket_elems,270913,raw_bytes,1083652,comp_bytes,71119,ratio,15.237166,res_mean_abs,8.763567e-03
ts,1770824426.652783,hook_idx,51,bucket_elems,940032,raw_bytes,3760128,comp_bytes,246763,ratio,15.237811,res_mean_abs,1.442802e-03
ts,1770824426.692498,hook_idx,52,bucket_elems,270913,raw_bytes,1083652,comp_bytes,71119,ratio,15.237166,res_mean_abs,9.064050e-03
ts,1770824426.779942,hook_idx,53,bucket_elems,940032,raw_bytes,3760128,comp_bytes,246763,ratio,15.237811,res_mean_abs,1.465421e-03
ts,1770824426.822801,hook_idx,54,bucket_elems,270913,raw_bytes,1083652,comp_bytes,71119,ratio,15.237166,res_mean_abs,9.411531e-03
ts,1770824426.903180,hook_idx,55,bucket_elems,940032,raw_bytes,3760128,comp_bytes,246763,ratio,15.237811,res_mean_abs,1.494979e-03
ts,1770824426.944515,hook_idx,56,bucket_elems,270913,raw_bytes,1083652,comp_bytes,71119,ratio,15.237166,res_mean_abs,9.890451e-03
ts,1770824427.024592,hook_idx,57,bucket_elems,940032,raw_bytes,3760128,comp_bytes,246763,ratio,15.237811,res_mean_abs,1.562019e-03
ts,1770824427.064150,hook_idx,58,bucket_elems,270913,raw_bytes,1083652,comp_bytes,71119,ratio,15.237166,res_mean_abs,1.025560e-02
ts,1770824427.146043,hook_idx,59,bucket_elems,940032,raw_bytes,3760128,comp_bytes,246763,ratio,15.237811,res_mean_abs,1.565172e-03
ts,1770824427.186470,hook_idx,60,bucket_elems,270913,raw_bytes,1083652,comp_bytes,71119,ratio,15.237166,res_mean_abs,1.081365e-02
ts,1770824427.267953,hook_idx,61,bucket_elems,940032,raw_bytes,3760128,comp_bytes,246763,ratio,15.237811,res_mean_abs,1.622270e-03
ts,1770824427.310498,hook_idx,62,bucket_elems,270913,raw_bytes,1083652,comp_bytes,71119,ratio,15.237166,res_mean_abs,1.117519e-02
ts,1770824427.392164,hook_idx,63,bucket_elems,940032,raw_bytes,3760128,comp_bytes,246763,ratio,15.237811,res_mean_abs,1.619913e-03
ts,1770824427.431553,hook_idx,64,bucket_elems,270913,raw_bytes,1083652,comp_bytes,71119,ratio,15.237166,res_mean_abs,1.173580e-02
ts,1770824427.513328,hook_idx,65,bucket_elems,940032,raw_bytes,3760128,comp_bytes,246763,ratio,15.237811,res_mean_abs,1.659789e-03
ts,1770824427.555303,hook_idx,66,bucket_elems,270913,raw_bytes,1083652,comp_bytes,71119,ratio,15.237166,res_mean_abs,1.231482e-02
ts,1770824427.638299,hook_idx,67,bucket_elems,940032,raw_bytes,3760128,comp_bytes,246763,ratio,15.237811,res_mean_abs,1.715684e-03
ts,1770824427.680072,hook_idx,68,bucket_elems,270913,raw_bytes,1083652,comp_bytes,71119,ratio,15.237166,res_mean_abs,1.290466e-02
ts,1770824427.761471,hook_idx,69,bucket_elems,940032,raw_bytes,3760128,comp_bytes,246763,ratio,15.237811,res_mean_abs,1.759043e-03
ts,1770824427.802412,hook_idx,70,bucket_elems,270913,raw_bytes,1083652,comp_bytes,71119,ratio,15.237166,res_mean_abs,1.350054e-02
ts,1770824427.881362,hook_idx,71,bucket_elems,940032,raw_bytes,3760128,comp_bytes,246763,ratio,15.237811,res_mean_abs,1.805936e-03
ts,1770824427.922272,hook_idx,72,bucket_elems,270913,raw_bytes,1083652,comp_bytes,71119,ratio,15.237166,res_mean_abs,1.421864e-02
ts,1770824428.002380,hook_idx,73,bucket_elems,940032,raw_bytes,3760128,comp_bytes,246763,ratio,15.237811,res_mean_abs,1.875789e-03
ts,1770824428.042549,hook_idx,74,bucket_elems,270913,raw_bytes,1083652,comp_bytes,71119,ratio,15.237166,res_mean_abs,1.485461e-02
ts,1770824428.124025,hook_idx,75,bucket_elems,940032,raw_bytes,3760128,comp_bytes,246763,ratio,15.237811,res_mean_abs,1.909307e-03
ts,1770824428.166352,hook_idx,76,bucket_elems,270913,raw_bytes,1083652,comp_bytes,71119,ratio,15.237166,res_mean_abs,1.572215e-02
ts,1770824428.248303,hook_idx,77,bucket_elems,940032,raw_bytes,3760128,comp_bytes,246763,ratio,15.237811,res_mean_abs,1.960883e-03
ts,1770824428.303267,hook_idx,78,bucket_elems,270913,raw_bytes,1083652,comp_bytes,71119,ratio,15.237166,res_mean_abs,1.683468e-02
ts,1770824428.394681,hook_idx,79,bucket_elems,940032,raw_bytes,3760128,comp_bytes,246763,ratio,15.237811,res_mean_abs,2.012001e-03
ts,1770824428.448582,hook_idx,80,bucket_elems,270913,raw_bytes,1083652,comp_bytes,71119,ratio,15.237166,res_mean_abs,1.780437e-02
ts,1770824428.532996,hook_idx,81,bucket_elems,940032,raw_bytes,3760128,comp_bytes,246763,ratio,15.237811,res_mean_abs,2.063148e-03
ts,1770824428.575353,hook_idx,82,bucket_elems,270913,raw_bytes,1083652,comp_bytes,71119,ratio,15.237166,res_mean_abs,1.891648e-02
ts,1770824428.660612,hook_idx,83,bucket_elems,940032,raw_bytes,3760128,comp_bytes,246763,ratio,15.237811,res_mean_abs,2.122579e-03
ts,1770824428.701962,hook_idx,84,bucket_elems,270913,raw_bytes,1083652,comp_bytes,71119,ratio,15.237166,res_mean_abs,2.004174e-02
ts,1770824428.794296,hook_idx,85,bucket_elems,940032,raw_bytes,3760128,comp_bytes,246763,ratio,15.237811,res_mean_abs,2.174800e-03
ts,1770824428.843511,hook_idx,86,bucket_elems,270913,raw_bytes,1083652,comp_bytes,71119,ratio,15.237166,res_mean_abs,2.145051e-02
ts,1770824428.939936,hook_idx,87,bucket_elems,940032,raw_bytes,3760128,comp_bytes,246763,ratio,15.237811,res_mean_abs,2.258779e-03
ts,1770824428.989908,hook_idx,88,bucket_elems,270913,raw_bytes,1083652,comp_bytes,71119,ratio,15.237166,res_mean_abs,2.235851e-02
ts,1770824429.074550,hook_idx,89,bucket_elems,940032,raw_bytes,3760128,comp_bytes,246763,ratio,15.237811,res_mean_abs,2.313869e-03
ts,1770824429.118386,hook_idx,90,bucket_elems,270913,raw_bytes,1083652,comp_bytes,71119,ratio,15.237166,res_mean_abs,2.323868e-02
ts,1770824429.203846,hook_idx,91,bucket_elems,940032,raw_bytes,3760128,comp_bytes,246763,ratio,15.237811,res_mean_abs,2.370207e-03
ts,1770824429.246055,hook_idx,92,bucket_elems,270913,raw_bytes,1083652,comp_bytes,71119,ratio,15.237166,res_mean_abs,2.405356e-02
ts,1770824429.331585,hook_idx,93,bucket_elems,940032,raw_bytes,3760128,comp_bytes,246763,ratio,15.237811,res_mean_abs,2.379776e-03
ts,1770824429.373629,hook_idx,94,bucket_elems,270913,raw_bytes,1083652,comp_bytes,71119,ratio,15.237166,res_mean_abs,2.462614e-02
ts,1770824429.456307,hook_idx,95,bucket_elems,940032,raw_bytes,3760128,comp_bytes,246763,ratio,15.237811,res_mean_abs,2.445949e-03
ts,1770824429.508909,hook_idx,96,bucket_elems,270913,raw_bytes,1083652,comp_bytes,71119,ratio,15.237166,res_mean_abs,2.516459e-02
ts,1770824429.594386,hook_idx,97,bucket_elems,940032,raw_bytes,3760128,comp_bytes,246763,ratio,15.237811,res_mean_abs,2.507982e-03
ts,1770824429.635574,hook_idx,98,bucket_elems,270913,raw_bytes,1083652,comp_bytes,71119,ratio,15.237166,res_mean_abs,2.586844e-02
ts,1770824429.716952,hook_idx,99,bucket_elems,940032,raw_bytes,3760128,comp_bytes,246763,ratio,15.237811,res_mean_abs,2.573145e-03
ts,1770824429.756180,hook_idx,100,bucket_elems,270913,raw_bytes,1083652,comp_bytes,71119,ratio,15.237166,res_mean_abs,2.626021e-02
ts,1770824429.838983,hook_idx,101,bucket_elems,940032,raw_bytes,3760128,comp_bytes,246763,ratio,15.237811,res_mean_abs,2.634698e-03
ts,1770824429.876345,hook_idx,102,bucket_elems,270913,raw_bytes,1083652,comp_bytes,71119,ratio,15.237166,res_mean_abs,2.674702e-02
ts,1770824429.954654,hook_idx,103,bucket_elems,940032,raw_bytes,3760128,comp_bytes,246763,ratio,15.237811,res_mean_abs,2.661036e-03
ts,1770824429.996767,hook_idx,104,bucket_elems,270913,raw_bytes,1083652,comp_bytes,71119,ratio,15.237166,res_mean_abs,2.724305e-02
ts,1770824430.080243,hook_idx,105,bucket_elems,940032,raw_bytes,3760128,comp_bytes,246763,ratio,15.237811,res_mean_abs,2.735959e-03
ts,1770824430.122119,hook_idx,106,bucket_elems,270913,raw_bytes,1083652,comp_bytes,71119,ratio,15.237166,res_mean_abs,2.773835e-02
ts,1770824430.206435,hook_idx,107,bucket_elems,940032,raw_bytes,3760128,comp_bytes,246763,ratio,15.237811,res_mean_abs,2.759204e-03
ts,1770824430.247980,hook_idx,108,bucket_elems,270913,raw_bytes,1083652,comp_bytes,71119,ratio,15.237166,res_mean_abs,2.825550e-02
ts,1770824430.330939,hook_idx,109,bucket_elems,940032,raw_bytes,3760128,comp_bytes,246763,ratio,15.237811,res_mean_abs,2.772590e-03
ts,1770824430.374243,hook_idx,110,bucket_elems,270913,raw_bytes,1083652,comp_bytes,71119,ratio,15.237166,res_mean_abs,2.910940e-02
ts,1770824430.457671,hook_idx,111,bucket_elems,940032,raw_bytes,3760128,comp_bytes,246763,ratio,15.237811,res_mean_abs,2.841464e-03
ts,1770824430.498067,hook_idx,112,bucket_elems,270913,raw_bytes,1083652,comp_bytes,71119,ratio,15.237166,res_mean_abs,2.968762e-02
ts,1770824430.579630,hook_idx,113,bucket_elems,940032,raw_bytes,3760128,comp_bytes,246763,ratio,15.237811,res_mean_abs,2.914483e-03
ts,1770824430.622764,hook_idx,114,bucket_elems,270913,raw_bytes,1083652,comp_bytes,71119,ratio,15.237166,res_mean_abs,3.040140e-02
ts,1770824430.704889,hook_idx,115,bucket_elems,940032,raw_bytes,3760128,comp_bytes,246763,ratio,15.237811,res_mean_abs,2.999174e-03
ts,1770824430.746303,hook_idx,116,bucket_elems,270913,raw_bytes,1083652,comp_bytes,71119,ratio,15.237166,res_mean_abs,3.150039e-02
ts,1770824430.830754,hook_idx,117,bucket_elems,940032,raw_bytes,3760128,comp_bytes,246763,ratio,15.237811,res_mean_abs,3.072229e-03
ts,1770824430.880818,hook_idx,118,bucket_elems,270913,raw_bytes,1083652,comp_bytes,71119,ratio,15.237166,res_mean_abs,3.240916e-02
ts,1770824430.983548,hook_idx,119,bucket_elems,940032,raw_bytes,3760128,comp_bytes,246763,ratio,15.237811,res_mean_abs,3.174591e-03
ts,1770824431.031104,hook_idx,120,bucket_elems,270913,raw_bytes,1083652,comp_bytes,71119,ratio,15.237166,res_mean_abs,3.353110e-02
ts,1770824431.111450,hook_idx,121,bucket_elems,940032,raw_bytes,3760128,comp_bytes,246763,ratio,15.237811,res_mean_abs,3.292374e-03
ts,1770824431.152550,hook_idx,122,bucket_elems,270913,raw_bytes,1083652,comp_bytes,71119,ratio,15.237166,res_mean_abs,3.463282e-02
ts,1770824431.234255,hook_idx,123,bucket_elems,940032,raw_bytes,3760128,comp_bytes,246763,ratio,15.237811,res_mean_abs,3.426014e-03
ts,1770824431.278424,hook_idx,124,bucket_elems,270913,raw_bytes,1083652,comp_bytes,71119,ratio,15.237166,res_mean_abs,3.577565e-02
ts,1770824431.363675,hook_idx,125,bucket_elems,940032,raw_bytes,3760128,comp_bytes,246763,ratio,15.237811,res_mean_abs,3.547716e-03
ts,1770824431.416117,hook_idx,126,bucket_elems,270913,raw_bytes,1083652,comp_bytes,71119,ratio,15.237166,res_mean_abs,3.721335e-02
ts,1770824431.516740,hook_idx,127,bucket_elems,940032,raw_bytes,3760128,comp_bytes,246763,ratio,15.237811,res_mean_abs,3.705102e-03
ts,1770824431.556971,hook_idx,128,bucket_elems,270913,raw_bytes,1083652,comp_bytes,71119,ratio,15.237166,res_mean_abs,3.861703e-02
ts,1770824431.636425,hook_idx,129,bucket_elems,940032,raw_bytes,3760128,comp_bytes,246763,ratio,15.237811,res_mean_abs,3.818481e-03
ts,1770824431.678998,hook_idx,130,bucket_elems,270913,raw_bytes,1083652,comp_bytes,71119,ratio,15.237166,res_mean_abs,4.000863e-02
ts,1770824431.762613,hook_idx,131,bucket_elems,940032,raw_bytes,3760128,comp_bytes,246763,ratio,15.237811,res_mean_abs,3.967092e-03
ts,1770824431.803630,hook_idx,132,bucket_elems,270913,raw_bytes,1083652,comp_bytes,71119,ratio,15.237166,res_mean_abs,4.210204e-02
ts,1770824431.890060,hook_idx,133,bucket_elems,940032,raw_bytes,3760128,comp_bytes,246763,ratio,15.237811,res_mean_abs,4.139444e-03
ts,1770824431.938533,hook_idx,134,bucket_elems,270913,raw_bytes,1083652,comp_bytes,71119,ratio,15.237166,res_mean_abs,4.348566e-02
ts,1770824432.022103,hook_idx,135,bucket_elems,940032,raw_bytes,3760128,comp_bytes,246763,ratio,15.237811,res_mean_abs,4.318724e-03
ts,1770824432.064830,hook_idx,136,bucket_elems,270913,raw_bytes,1083652,comp_bytes,71119,ratio,15.237166,res_mean_abs,4.529162e-02
ts,1770824432.149204,hook_idx,137,bucket_elems,940032,raw_bytes,3760128,comp_bytes,246763,ratio,15.237811,res_mean_abs,4.453483e-03
ts,1770824432.190136,hook_idx,138,bucket_elems,270913,raw_bytes,1083652,comp_bytes,71119,ratio,15.237166,res_mean_abs,4.763592e-02
ts,1770824432.273153,hook_idx,139,bucket_elems,940032,raw_bytes,3760128,comp_bytes,246763,ratio,15.237811,res_mean_abs,4.562202e-03
ts,1770824432.318042,hook_idx,140,bucket_elems,270913,raw_bytes,1083652,comp_bytes,71119,ratio,15.237166,res_mean_abs,4.930904e-02
ts,1770824432.403541,hook_idx,141,bucket_elems,940032,raw_bytes,3760128,comp_bytes,246763,ratio,15.237811,res_mean_abs,4.737808e-03
ts,1770824432.446077,hook_idx,142,bucket_elems,270913,raw_bytes,1083652,comp_bytes,71119,ratio,15.237166,res_mean_abs,5.060076e-02
ts,1770824432.526852,hook_idx,143,bucket_elems,940032,raw_bytes,3760128,comp_bytes,246763,ratio,15.237811,res_mean_abs,4.971809e-03
ts,1770824432.568810,hook_idx,144,bucket_elems,270913,raw_bytes,1083652,comp_bytes,71119,ratio,15.237166,res_mean_abs,5.266883e-02
ts,1770824432.652079,hook_idx,145,bucket_elems,940032,raw_bytes,3760128,comp_bytes,246763,ratio,15.237811,res_mean_abs,5.062019e-03
ts,1770824432.693341,hook_idx,146,bucket_elems,270913,raw_bytes,1083652,comp_bytes,71119,ratio,15.237166,res_mean_abs,5.450148e-02
ts,1770824432.774948,hook_idx,147,bucket_elems,940032,raw_bytes,3760128,comp_bytes,246763,ratio,15.237811,res_mean_abs,5.074862e-03
ts,1770824432.817703,hook_idx,148,bucket_elems,270913,raw_bytes,1083652,comp_bytes,71119,ratio,15.237166,res_mean_abs,5.657129e-02
ts,1770824432.899428,hook_idx,149,bucket_elems,940032,raw_bytes,3760128,comp_bytes,246763,ratio,15.237811,res_mean_abs,5.112660e-03
ts,1770824432.939665,hook_idx,150,bucket_elems,270913,raw_bytes,1083652,comp_bytes,71119,ratio,15.237166,res_mean_abs,5.851842e-02
ts,1770824433.024010,hook_idx,151,bucket_elems,940032,raw_bytes,3760128,comp_bytes,246763,ratio,15.237811,res_mean_abs,5.237426e-03
ts,1770824433.064822,hook_idx,152,bucket_elems,270913,raw_bytes,1083652,comp_bytes,71119,ratio,15.237166,res_mean_abs,5.929274e-02
ts,1770824433.146823,hook_idx,153,bucket_elems,940032,raw_bytes,3760128,comp_bytes,246763,ratio,15.237811,res_mean_abs,5.311795e-03
ts,1770824433.186585,hook_idx,154,bucket_elems,270913,raw_bytes,1083652,comp_bytes,71119,ratio,15.237166,res_mean_abs,6.094817e-02
ts,1770824433.267960,hook_idx,155,bucket_elems,940032,raw_bytes,3760128,comp_bytes,246763,ratio,15.237811,res_mean_abs,5.392931e-03
ts,1770824433.312222,hook_idx,156,bucket_elems,270913,raw_bytes,1083652,comp_bytes,71119,ratio,15.237166,res_mean_abs,6.285546e-02
ts,1770824433.393613,hook_idx,157,bucket_elems,940032,raw_bytes,3760128,comp_bytes,246763,ratio,15.237811,res_mean_abs,5.540084e-03
ts,1770824433.433334,hook_idx,158,bucket_elems,270913,raw_bytes,1083652,comp_bytes,71119,ratio,15.237166,res_mean_abs,6.558099e-02
ts,1770824433.511431,hook_idx,159,bucket_elems,940032,raw_bytes,3760128,comp_bytes,246763,ratio,15.237811,res_mean_abs,5.633998e-03
ts,1770824433.551968,hook_idx,160,bucket_elems,270913,raw_bytes,1083652,comp_bytes,71119,ratio,15.237166,res_mean_abs,6.697080e-02
ts,1770824433.633131,hook_idx,161,bucket_elems,940032,raw_bytes,3760128,comp_bytes,246763,ratio,15.237811,res_mean_abs,5.798721e-03
ts,1770824433.673111,hook_idx,162,bucket_elems,270913,raw_bytes,1083652,comp_bytes,71119,ratio,15.237166,res_mean_abs,6.956366e-02
ts,1770824433.750902,hook_idx,163,bucket_elems,940032,raw_bytes,3760128,comp_bytes,246763,ratio,15.237811,res_mean_abs,6.034403e-03
ts,1770824433.793562,hook_idx,164,bucket_elems,270913,raw_bytes,1083652,comp_bytes,71119,ratio,15.237166,res_mean_abs,7.087918e-02
ts,1770824433.872205,hook_idx,165,bucket_elems,940032,raw_bytes,3760128,comp_bytes,246763,ratio,15.237811,res_mean_abs,6.259729e-03
ts,1770824433.910963,hook_idx,166,bucket_elems,270913,raw_bytes,1083652,comp_bytes,71119,ratio,15.237166,res_mean_abs,7.307186e-02
ts,1770824433.989308,hook_idx,167,bucket_elems,940032,raw_bytes,3760128,comp_bytes,246763,ratio,15.237811,res_mean_abs,6.545453e-03
ts,1770824434.030147,hook_idx,168,bucket_elems,270913,raw_bytes,1083652,comp_bytes,71119,ratio,15.237166,res_mean_abs,7.652565e-02
ts,1770824434.112547,hook_idx,169,bucket_elems,940032,raw_bytes,3760128,comp_bytes,246763,ratio,15.237811,res_mean_abs,6.767807e-03
ts,1770824434.154248,hook_idx,170,bucket_elems,270913,raw_bytes,1083652,comp_bytes,71119,ratio,15.237166,res_mean_abs,7.926145e-02
ts,1770824434.235205,hook_idx,171,bucket_elems,940032,raw_bytes,3760128,comp_bytes,246763,ratio,15.237811,res_mean_abs,7.092907e-03
ts,1770824434.275868,hook_idx,172,bucket_elems,270913,raw_bytes,1083652,comp_bytes,71119,ratio,15.237166,res_mean_abs,8.184451e-02
ts,1770824434.358435,hook_idx,173,bucket_elems,940032,raw_bytes,3760128,comp_bytes,246763,ratio,15.237811,res_mean_abs,7.461506e-03
ts,1770824434.399851,hook_idx,174,bucket_elems,270913,raw_bytes,1083652,comp_bytes,71119,ratio,15.237166,res_mean_abs,8.577321e-02
ts,1770824434.481960,hook_idx,175,bucket_elems,940032,raw_bytes,3760128,comp_bytes,246763,ratio,15.237811,res_mean_abs,7.777208e-03
ts,1770824434.526993,hook_idx,176,bucket_elems,270913,raw_bytes,1083652,comp_bytes,71119,ratio,15.237166,res_mean_abs,8.872323e-02
ts,1770824434.618677,hook_idx,177,bucket_elems,940032,raw_bytes,3760128,comp_bytes,246763,ratio,15.237811,res_mean_abs,8.206290e-03
ts,1770824434.666091,hook_idx,178,bucket_elems,270913,raw_bytes,1083652,comp_bytes,71119,ratio,15.237166,res_mean_abs,9.211642e-02
ts,1770824434.749662,hook_idx,179,bucket_elems,940032,raw_bytes,3760128,comp_bytes,246763,ratio,15.237811,res_mean_abs,8.621479e-03
ts,1770824434.792259,hook_idx,180,bucket_elems,270913,raw_bytes,1083652,comp_bytes,71119,ratio,15.237166,res_mean_abs,9.555258e-02
ts,1770824434.870429,hook_idx,181,bucket_elems,940032,raw_bytes,3760128,comp_bytes,246763,ratio,15.237811,res_mean_abs,8.860345e-03
ts,1770824434.912787,hook_idx,182,bucket_elems,270913,raw_bytes,1083652,comp_bytes,71119,ratio,15.237166,res_mean_abs,1.004500e-01
ts,1770824434.994005,hook_idx,183,bucket_elems,940032,raw_bytes,3760128,comp_bytes,246763,ratio,15.237811,res_mean_abs,8.951270e-03
ts,1770824435.039646,hook_idx,184,bucket_elems,270913,raw_bytes,1083652,comp_bytes,71119,ratio,15.237166,res_mean_abs,1.050749e-01
ts,1770824435.134406,hook_idx,185,bucket_elems,940032,raw_bytes,3760128,comp_bytes,246763,ratio,15.237811,res_mean_abs,9.083579e-03
ts,1770824435.177015,hook_idx,186,bucket_elems,270913,raw_bytes,1083652,comp_bytes,71119,ratio,15.237166,res_mean_abs,1.093082e-01
ts,1770824435.260351,hook_idx,187,bucket_elems,940032,raw_bytes,3760128,comp_bytes,246763,ratio,15.237811,res_mean_abs,9.496643e-03
ts,1770824435.302163,hook_idx,188,bucket_elems,270913,raw_bytes,1083652,comp_bytes,71119,ratio,15.237166,res_mean_abs,1.133376e-01
ts,1770824435.381924,hook_idx,189,bucket_elems,940032,raw_bytes,3760128,comp_bytes,246763,ratio,15.237811,res_mean_abs,9.988213e-03
ts,1770824435.424379,hook_idx,190,bucket_elems,270913,raw_bytes,1083652,comp_bytes,71119,ratio,15.237166,res_mean_abs,1.189828e-01
ts,1770824435.506081,hook_idx,191,bucket_elems,940032,raw_bytes,3760128,comp_bytes,246763,ratio,15.237811,res_mean_abs,1.059645e-02
ts,1770824435.548266,hook_idx,192,bucket_elems,270913,raw_bytes,1083652,comp_bytes,71119,ratio,15.237166,res_mean_abs,1.235144e-01
ts,1770824435.631802,hook_idx,193,bucket_elems,940032,raw_bytes,3760128,comp_bytes,246763,ratio,15.237811,res_mean_abs,1.104622e-02
ts,1770824435.672535,hook_idx,194,bucket_elems,270913,raw_bytes,1083652,comp_bytes,71119,ratio,15.237166,res_mean_abs,1.301731e-01
ts,1770824435.752324,hook_idx,195,bucket_elems,940032,raw_bytes,3760128,comp_bytes,246763,ratio,15.237811,res_mean_abs,1.143227e-02
ts,1770824435.793982,hook_idx,196,bucket_elems,270913,raw_bytes,1083652,comp_bytes,71119,ratio,15.237166,res_mean_abs,1.369275e-01
ts,1770824435.877816,hook_idx,197,bucket_elems,940032,raw_bytes,3760128,comp_bytes,246763,ratio,15.237811,res_mean_abs,1.209266e-02
ts,1770824435.920340,hook_idx,198,bucket_elems,270913,raw_bytes,1083652,comp_bytes,71119,ratio,15.237166,res_mean_abs,1.436190e-01
ts,1770824436.003878,hook_idx,199,bucket_elems,940032,raw_bytes,3760128,comp_bytes,246763,ratio,15.237811,res_mean_abs,1.269415e-02
ts,1770824436.046389,hook_idx,200,bucket_elems,270913,raw_bytes,1083652,comp_bytes,71119,ratio,15.237166,res_mean_abs,1.525273e-01
ts,1770824436.129444,hook_idx,201,bucket_elems,940032,raw_bytes,3760128,comp_bytes,246763,ratio,15.237811,res_mean_abs,1.320806e-02
ts,1770824436.169250,hook_idx,202,bucket_elems,270913,raw_bytes,1083652,comp_bytes,71119,ratio,15.237166,res_mean_abs,1.636633e-01
ts,1770824436.250783,hook_idx,203,bucket_elems,940032,raw_bytes,3760128,comp_bytes,246763,ratio,15.237811,res_mean_abs,1.391840e-02
ts,1770824436.292950,hook_idx,204,bucket_elems,270913,raw_bytes,1083652,comp_bytes,71119,ratio,15.237166,res_mean_abs,1.740785e-01
ts,1770824436.375815,hook_idx,205,bucket_elems,940032,raw_bytes,3760128,comp_bytes,246763,ratio,15.237811,res_mean_abs,1.475228e-02
ts,1770824436.423021,hook_idx,206,bucket_elems,270913,raw_bytes,1083652,comp_bytes,71119,ratio,15.237166,res_mean_abs,1.848533e-01
ts,1770824436.507010,hook_idx,207,bucket_elems,940032,raw_bytes,3760128,comp_bytes,246763,ratio,15.237811,res_mean_abs,1.547009e-02
ts,1770824436.551367,hook_idx,208,bucket_elems,270913,raw_bytes,1083652,comp_bytes,71119,ratio,15.237166,res_mean_abs,1.976548e-01
ts,1770824436.629967,hook_idx,209,bucket_elems,940032,raw_bytes,3760128,comp_bytes,246763,ratio,15.237811,res_mean_abs,1.643114e-02
ts,1770824436.674245,hook_idx,210,bucket_elems,270913,raw_bytes,1083652,comp_bytes,71119,ratio,15.237166,res_mean_abs,2.117926e-01
ts,1770824436.754402,hook_idx,211,bucket_elems,940032,raw_bytes,3760128,comp_bytes,246763,ratio,15.237811,res_mean_abs,1.731123e-02
ts,1770824436.799243,hook_idx,212,bucket_elems,270913,raw_bytes,1083652,comp_bytes,71119,ratio,15.237166,res_mean_abs,2.267296e-01
ts,1770824436.879899,hook_idx,213,bucket_elems,940032,raw_bytes,3760128,comp_bytes,246763,ratio,15.237811,res_mean_abs,1.774926e-02
ts,1770824436.934744,hook_idx,214,bucket_elems,270913,raw_bytes,1083652,comp_bytes,71119,ratio,15.237166,res_mean_abs,2.416334e-01
ts,1770824437.021976,hook_idx,215,bucket_elems,940032,raw_bytes,3760128,comp_bytes,246763,ratio,15.237811,res_mean_abs,1.822290e-02
ts,1770824437.066968,hook_idx,216,bucket_elems,270913,raw_bytes,1083652,comp_bytes,71119,ratio,15.237166,res_mean_abs,2.592151e-01
ts,1770824437.146244,hook_idx,217,bucket_elems,940032,raw_bytes,3760128,comp_bytes,246763,ratio,15.237811,res_mean_abs,1.932935e-02
ts,1770824437.187812,hook_idx,218,bucket_elems,270913,raw_bytes,1083652,comp_bytes,71119,ratio,15.237166,res_mean_abs,2.768813e-01
ts,1770824437.269993,hook_idx,219,bucket_elems,940032,raw_bytes,3760128,comp_bytes,246763,ratio,15.237811,res_mean_abs,2.047572e-02
ts,1770824437.312907,hook_idx,220,bucket_elems,270913,raw_bytes,1083652,comp_bytes,71119,ratio,15.237166,res_mean_abs,2.944908e-01
ts,1770824437.394433,hook_idx,221,bucket_elems,940032,raw_bytes,3760128,comp_bytes,246763,ratio,15.237811,res_mean_abs,2.165035e-02
ts,1770824437.436947,hook_idx,222,bucket_elems,270913,raw_bytes,1083652,comp_bytes,71119,ratio,15.237166,res_mean_abs,3.149663e-01
ts,1770824437.517506,hook_idx,223,bucket_elems,940032,raw_bytes,3760128,comp_bytes,246763,ratio,15.237811,res_mean_abs,2.298938e-02
ts,1770824437.558052,hook_idx,224,bucket_elems,270913,raw_bytes,1083652,comp_bytes,71119,ratio,15.237166,res_mean_abs,3.340501e-01
ts,1770824437.639711,hook_idx,225,bucket_elems,940032,raw_bytes,3760128,comp_bytes,246763,ratio,15.237811,res_mean_abs,2.411534e-02
ts,1770824437.678823,hook_idx,226,bucket_elems,270913,raw_bytes,1083652,comp_bytes,71119,ratio,15.237166,res_mean_abs,3.513744e-01
ts,1770824437.760308,hook_idx,227,bucket_elems,940032,raw_bytes,3760128,comp_bytes,246763,ratio,15.237811,res_mean_abs,2.562323e-02
ts,1770824437.801177,hook_idx,228,bucket_elems,270913,raw_bytes,1083652,comp_bytes,71119,ratio,15.237166,res_mean_abs,3.651978e-01
ts,1770824437.881020,hook_idx,229,bucket_elems,940032,raw_bytes,3760128,comp_bytes,246763,ratio,15.237811,res_mean_abs,2.719195e-02
ts,1770824437.924612,hook_idx,230,bucket_elems,270913,raw_bytes,1083652,comp_bytes,71119,ratio,15.237166,res_mean_abs,3.727962e-01
ts,1770824438.004866,hook_idx,231,bucket_elems,940032,raw_bytes,3760128,comp_bytes,246763,ratio,15.237811,res_mean_abs,2.854551e-02
ts,1770824438.049106,hook_idx,232,bucket_elems,270913,raw_bytes,1083652,comp_bytes,71119,ratio,15.237166,res_mean_abs,3.806943e-01
ts,1770824438.130520,hook_idx,233,bucket_elems,940032,raw_bytes,3760128,comp_bytes,246763,ratio,15.237811,res_mean_abs,3.047085e-02
ts,1770824438.178026,hook_idx,234,bucket_elems,270913,raw_bytes,1083652,comp_bytes,71119,ratio,15.237166,res_mean_abs,3.889444e-01
ts,1770824438.257098,hook_idx,235,bucket_elems,940032,raw_bytes,3760128,comp_bytes,246763,ratio,15.237811,res_mean_abs,3.265242e-02
ts,1770824438.299134,hook_idx,236,bucket_elems,270913,raw_bytes,1083652,comp_bytes,71119,ratio,15.237166,res_mean_abs,3.957108e-01
ts,1770824438.383360,hook_idx,237,bucket_elems,940032,raw_bytes,3760128,comp_bytes,246763,ratio,15.237811,res_mean_abs,3.462248e-02
ts,1770824438.425291,hook_idx,238,bucket_elems,270913,raw_bytes,1083652,comp_bytes,71119,ratio,15.237166,res_mean_abs,4.055962e-01
ts,1770824438.505064,hook_idx,239,bucket_elems,940032,raw_bytes,3760128,comp_bytes,246763,ratio,15.237811,res_mean_abs,3.721613e-02
ts,1770824438.546825,hook_idx,240,bucket_elems,270913,raw_bytes,1083652,comp_bytes,71119,ratio,15.237166,res_mean_abs,4.194160e-01
ts,1770824438.629732,hook_idx,241,bucket_elems,940032,raw_bytes,3760128,comp_bytes,246763,ratio,15.237811,res_mean_abs,3.995147e-02
ts,1770824438.672099,hook_idx,242,bucket_elems,270913,raw_bytes,1083652,comp_bytes,71119,ratio,15.237166,res_mean_abs,4.233196e-01
ts,1770824438.751939,hook_idx,243,bucket_elems,940032,raw_bytes,3760128,comp_bytes,246763,ratio,15.237811,res_mean_abs,4.216156e-02
ts,1770824438.795273,hook_idx,244,bucket_elems,270913,raw_bytes,1083652,comp_bytes,71119,ratio,15.237166,res_mean_abs,4.408220e-01
ts,1770824438.875133,hook_idx,245,bucket_elems,940032,raw_bytes,3760128,comp_bytes,246763,ratio,15.237811,res_mean_abs,4.480598e-02
ts,1770824438.919025,hook_idx,246,bucket_elems,270913,raw_bytes,1083652,comp_bytes,71119,ratio,15.237166,res_mean_abs,4.502656e-01
ts,1770824439.000308,hook_idx,247,bucket_elems,940032,raw_bytes,3760128,comp_bytes,246763,ratio,15.237811,res_mean_abs,4.844289e-02
ts,1770824439.040624,hook_idx,248,bucket_elems,270913,raw_bytes,1083652,comp_bytes,71119,ratio,15.237166,res_mean_abs,4.657607e-01
ts,1770824439.123502,hook_idx,249,bucket_elems,940032,raw_bytes,3760128,comp_bytes,246763,ratio,15.237811,res_mean_abs,5.243531e-02
ts,1770824439.164352,hook_idx,250,bucket_elems,270913,raw_bytes,1083652,comp_bytes,71119,ratio,15.237166,res_mean_abs,4.778318e-01
ts,1770824439.246358,hook_idx,251,bucket_elems,940032,raw_bytes,3760128,comp_bytes,246763,ratio,15.237811,res_mean_abs,5.608533e-02
ts,1770824439.288024,hook_idx,252,bucket_elems,270913,raw_bytes,1083652,comp_bytes,71119,ratio,15.237166,res_mean_abs,4.958820e-01
ts,1770824439.370190,hook_idx,253,bucket_elems,940032,raw_bytes,3760128,comp_bytes,246763,ratio,15.237811,res_mean_abs,5.966526e-02
ts,1770824439.412636,hook_idx,254,bucket_elems,270913,raw_bytes,1083652,comp_bytes,71119,ratio,15.237166,res_mean_abs,5.108010e-01
ts,1770824439.494915,hook_idx,255,bucket_elems,940032,raw_bytes,3760128,comp_bytes,246763,ratio,15.237811,res_mean_abs,6.452754e-02
ts,1770824439.540063,hook_idx,256,bucket_elems,270913,raw_bytes,1083652,comp_bytes,71119,ratio,15.237166,res_mean_abs,5.280330e-01
ts,1770824439.621130,hook_idx,257,bucket_elems,940032,raw_bytes,3760128,comp_bytes,246763,ratio,15.237811,res_mean_abs,6.996039e-02
ts,1770824439.661960,hook_idx,258,bucket_elems,270913,raw_bytes,1083652,comp_bytes,71119,ratio,15.237166,res_mean_abs,5.460279e-01
ts,1770824439.744969,hook_idx,259,bucket_elems,940032,raw_bytes,3760128,comp_bytes,246763,ratio,15.237811,res_mean_abs,7.493915e-02
ts,1770824439.789169,hook_idx,260,bucket_elems,270913,raw_bytes,1083652,comp_bytes,71119,ratio,15.237166,res_mean_abs,5.600890e-01
ts,1770824439.873012,hook_idx,261,bucket_elems,940032,raw_bytes,3760128,comp_bytes,246763,ratio,15.237811,res_mean_abs,7.933769e-02
ts,1770824439.914253,hook_idx,262,bucket_elems,270913,raw_bytes,1083652,comp_bytes,71119,ratio,15.237166,res_mean_abs,5.763274e-01
ts,1770824439.992882,hook_idx,263,bucket_elems,940032,raw_bytes,3760128,comp_bytes,246763,ratio,15.237811,res_mean_abs,8.294691e-02
ts,1770824440.035508,hook_idx,264,bucket_elems,270913,raw_bytes,1083652,comp_bytes,71119,ratio,15.237166,res_mean_abs,5.906141e-01
ts,1770824440.118464,hook_idx,265,bucket_elems,940032,raw_bytes,3760128,comp_bytes,246763,ratio,15.237811,res_mean_abs,8.566035e-02
ts,1770824440.162369,hook_idx,266,bucket_elems,270913,raw_bytes,1083652,comp_bytes,71119,ratio,15.237166,res_mean_abs,5.993243e-01
ts,1770824440.242942,hook_idx,267,bucket_elems,940032,raw_bytes,3760128,comp_bytes,246763,ratio,15.237811,res_mean_abs,8.764716e-02
ts,1770824440.285675,hook_idx,268,bucket_elems,270913,raw_bytes,1083652,comp_bytes,71119,ratio,15.237166,res_mean_abs,6.196294e-01
ts,1770824440.367601,hook_idx,269,bucket_elems,940032,raw_bytes,3760128,comp_bytes,246763,ratio,15.237811,res_mean_abs,8.982659e-02
ts,1770824440.410569,hook_idx,270,bucket_elems,270913,raw_bytes,1083652,comp_bytes,71119,ratio,15.237166,res_mean_abs,6.288668e-01
ts,1770824440.495131,hook_idx,271,bucket_elems,940032,raw_bytes,3760128,comp_bytes,246763,ratio,15.237811,res_mean_abs,9.323049e-02
ts,1770824440.535442,hook_idx,272,bucket_elems,270913,raw_bytes,1083652,comp_bytes,71119,ratio,15.237166,res_mean_abs,6.485314e-01
ts,1770824440.619069,hook_idx,273,bucket_elems,940032,raw_bytes,3760128,comp_bytes,246763,ratio,15.237811,res_mean_abs,9.791525e-02
ts,1770824440.660655,hook_idx,274,bucket_elems,270913,raw_bytes,1083652,comp_bytes,71119,ratio,15.237166,res_mean_abs,6.656560e-01
ts,1770824440.741622,hook_idx,275,bucket_elems,940032,raw_bytes,3760128,comp_bytes,246763,ratio,15.237811,res_mean_abs,1.028035e-01
ts,1770824440.783666,hook_idx,276,bucket_elems,270913,raw_bytes,1083652,comp_bytes,71119,ratio,15.237166,res_mean_abs,6.887093e-01
ts,1770824440.865724,hook_idx,277,bucket_elems,940032,raw_bytes,3760128,comp_bytes,246763,ratio,15.237811,res_mean_abs,1.109852e-01
ts,1770824440.907881,hook_idx,278,bucket_elems,270913,raw_bytes,1083652,comp_bytes,71119,ratio,15.237166,res_mean_abs,7.019015e-01
ts,1770824440.987914,hook_idx,279,bucket_elems,940032,raw_bytes,3760128,comp_bytes,246763,ratio,15.237811,res_mean_abs,1.191807e-01
ts,1770824441.030385,hook_idx,280,bucket_elems,270913,raw_bytes,1083652,comp_bytes,71119,ratio,15.237166,res_mean_abs,7.186479e-01
ts,1770824441.110089,hook_idx,281,bucket_elems,940032,raw_bytes,3760128,comp_bytes,246763,ratio,15.237811,res_mean_abs,1.267886e-01
ts,1770824441.149769,hook_idx,282,bucket_elems,270913,raw_bytes,1083652,comp_bytes,71119,ratio,15.237166,res_mean_abs,7.353821e-01
ts,1770824441.231301,hook_idx,283,bucket_elems,940032,raw_bytes,3760128,comp_bytes,246763,ratio,15.237811,res_mean_abs,1.370207e-01
ts,1770824441.273790,hook_idx,284,bucket_elems,270913,raw_bytes,1083652,comp_bytes,71119,ratio,15.237166,res_mean_abs,7.549734e-01
ts,1770824441.356049,hook_idx,285,bucket_elems,940032,raw_bytes,3760128,comp_bytes,246763,ratio,15.237811,res_mean_abs,1.469963e-01
ts,1770824441.397563,hook_idx,286,bucket_elems,270913,raw_bytes,1083652,comp_bytes,71119,ratio,15.237166,res_mean_abs,7.653199e-01
ts,1770824441.481328,hook_idx,287,bucket_elems,940032,raw_bytes,3760128,comp_bytes,246763,ratio,15.237811,res_mean_abs,1.565765e-01
ts,1770824441.520815,hook_idx,288,bucket_elems,270913,raw_bytes,1083652,comp_bytes,71119,ratio,15.237166,res_mean_abs,7.872908e-01
ts,1770824441.602041,hook_idx,289,bucket_elems,940032,raw_bytes,3760128,comp_bytes,246763,ratio,15.237811,res_mean_abs,1.660668e-01
ts,1770824441.645681,hook_idx,290,bucket_elems,270913,raw_bytes,1083652,comp_bytes,71119,ratio,15.237166,res_mean_abs,8.093067e-01
ts,1770824441.727185,hook_idx,291,bucket_elems,940032,raw_bytes,3760128,comp_bytes,246763,ratio,15.237811,res_mean_abs,1.758972e-01
ts,1770824441.768703,hook_idx,292,bucket_elems,270913,raw_bytes,1083652,comp_bytes,71119,ratio,15.237166,res_mean_abs,8.344318e-01
ts,1770824441.850930,hook_idx,293,bucket_elems,940032,raw_bytes,3760128,comp_bytes,246763,ratio,15.237811,res_mean_abs,1.865016e-01
ts,1770824441.891993,hook_idx,294,bucket_elems,270913,raw_bytes,1083652,comp_bytes,71119,ratio,15.237166,res_mean_abs,8.538876e-01
ts,1770824441.973579,hook_idx,295,bucket_elems,940032,raw_bytes,3760128,comp_bytes,246763,ratio,15.237811,res_mean_abs,1.977336e-01
ts,1770824442.018257,hook_idx,296,bucket_elems,270913,raw_bytes,1083652,comp_bytes,71119,ratio,15.237166,res_mean_abs,8.655675e-01
ts,1770824442.101450,hook_idx,297,bucket_elems,940032,raw_bytes,3760128,comp_bytes,246763,ratio,15.237811,res_mean_abs,2.097278e-01
ts,1770824442.145274,hook_idx,298,bucket_elems,270913,raw_bytes,1083652,comp_bytes,71119,ratio,15.237166,res_mean_abs,8.912066e-01
ts,1770824442.226202,hook_idx,299,bucket_elems,940032,raw_bytes,3760128,comp_bytes,246763,ratio,15.237811,res_mean_abs,2.229188e-01
ts,1770824442.269651,hook_idx,300,bucket_elems,270913,raw_bytes,1083652,comp_bytes,71119,ratio,15.237166,res_mean_abs,9.260267e-01
ts,1770824442.351383,hook_idx,301,bucket_elems,940032,raw_bytes,3760128,comp_bytes,246763,ratio,15.237811,res_mean_abs,2.369808e-01
ts,1770824442.393207,hook_idx,302,bucket_elems,270913,raw_bytes,1083652,comp_bytes,71119,ratio,15.237166,res_mean_abs,9.401378e-01
ts,1770824442.478442,hook_idx,303,bucket_elems,940032,raw_bytes,3760128,comp_bytes,246763,ratio,15.237811,res_mean_abs,2.524835e-01
ts,1770824442.519999,hook_idx,304,bucket_elems,270913,raw_bytes,1083652,comp_bytes,71119,ratio,15.237166,res_mean_abs,9.711758e-01
ts,1770824442.607943,hook_idx,305,bucket_elems,940032,raw_bytes,3760128,comp_bytes,246763,ratio,15.237811,res_mean_abs,2.691226e-01
ts,1770824442.653652,hook_idx,306,bucket_elems,270913,raw_bytes,1083652,comp_bytes,71119,ratio,15.237166,res_mean_abs,1.005486e+00
ts,1770824442.737849,hook_idx,307,bucket_elems,940032,raw_bytes,3760128,comp_bytes,246763,ratio,15.237811,res_mean_abs,2.873621e-01
ts,1770824442.780163,hook_idx,308,bucket_elems,270913,raw_bytes,1083652,comp_bytes,71119,ratio,15.237166,res_mean_abs,1.031698e+00
ts,1770824442.862160,hook_idx,309,bucket_elems,940032,raw_bytes,3760128,comp_bytes,246763,ratio,15.237811,res_mean_abs,3.072781e-01
ts,1770824442.906803,hook_idx,310,bucket_elems,270913,raw_bytes,1083652,comp_bytes,71119,ratio,15.237166,res_mean_abs,1.063778e+00
ts,1770824442.989623,hook_idx,311,bucket_elems,940032,raw_bytes,3760128,comp_bytes,246763,ratio,15.237811,res_mean_abs,3.284710e-01
ts,1770824443.048415,hook_idx,312,bucket_elems,270913,raw_bytes,1083652,comp_bytes,71119,ratio,15.237166,res_mean_abs,1.090541e+00
ts,1770824443.130950,hook_idx,313,bucket_elems,940032,raw_bytes,3760128,comp_bytes,246763,ratio,15.237811,res_mean_abs,3.514877e-01
ts,1770824443.173422,hook_idx,314,bucket_elems,270913,raw_bytes,1083652,comp_bytes,71119,ratio,15.237166,res_mean_abs,1.115479e+00
ts,1770824443.255498,hook_idx,315,bucket_elems,940032,raw_bytes,3760128,comp_bytes,246763,ratio,15.237811,res_mean_abs,3.767176e-01
ts,1770824443.299067,hook_idx,316,bucket_elems,270913,raw_bytes,1083652,comp_bytes,71119,ratio,15.237166,res_mean_abs,1.142720e+00
ts,1770824443.383384,hook_idx,317,bucket_elems,940032,raw_bytes,3760128,comp_bytes,246763,ratio,15.237811,res_mean_abs,4.043202e-01
ts,1770824443.426900,hook_idx,318,bucket_elems,270913,raw_bytes,1083652,comp_bytes,71119,ratio,15.237166,res_mean_abs,1.174222e+00
ts,1770824443.508569,hook_idx,319,bucket_elems,940032,raw_bytes,3760128,comp_bytes,246763,ratio,15.237811,res_mean_abs,4.345022e-01
ts,1770824443.550589,hook_idx,320,bucket_elems,270913,raw_bytes,1083652,comp_bytes,71119,ratio,15.237166,res_mean_abs,1.210271e+00
ts,1770824443.651503,hook_idx,321,bucket_elems,940032,raw_bytes,3760128,comp_bytes,246763,ratio,15.237811,res_mean_abs,4.673055e-01
ts,1770824443.710244,hook_idx,322,bucket_elems,270913,raw_bytes,1083652,comp_bytes,71119,ratio,15.237166,res_mean_abs,1.242984e+00
ts,1770824443.802025,hook_idx,323,bucket_elems,940032,raw_bytes,3760128,comp_bytes,246763,ratio,15.237811,res_mean_abs,5.038300e-01
ts,1770824443.869828,hook_idx,324,bucket_elems,270913,raw_bytes,1083652,comp_bytes,71119,ratio,15.237166,res_mean_abs,1.278900e+00
ts,1770824443.968003,hook_idx,325,bucket_elems,940032,raw_bytes,3760128,comp_bytes,246763,ratio,15.237811,res_mean_abs,5.437667e-01
ts,1770824444.013047,hook_idx,326,bucket_elems,270913,raw_bytes,1083652,comp_bytes,71119,ratio,15.237166,res_mean_abs,1.325323e+00
ts,1770824444.100299,hook_idx,327,bucket_elems,940032,raw_bytes,3760128,comp_bytes,246763,ratio,15.237811,res_mean_abs,5.884281e-01
ts,1770824444.141459,hook_idx,328,bucket_elems,270913,raw_bytes,1083652,comp_bytes,71119,ratio,15.237166,res_mean_abs,1.366641e+00
ts,1770824444.224768,hook_idx,329,bucket_elems,940032,raw_bytes,3760128,comp_bytes,246763,ratio,15.237811,res_mean_abs,6.367106e-01
ts,1770824444.267071,hook_idx,330,bucket_elems,270913,raw_bytes,1083652,comp_bytes,71119,ratio,15.237166,res_mean_abs,1.410741e+00
ts,1770824444.348189,hook_idx,331,bucket_elems,940032,raw_bytes,3760128,comp_bytes,246763,ratio,15.237811,res_mean_abs,6.890239e-01
ts,1770824444.388683,hook_idx,332,bucket_elems,270913,raw_bytes,1083652,comp_bytes,71119,ratio,15.237166,res_mean_abs,1.458494e+00
ts,1770824444.470681,hook_idx,333,bucket_elems,940032,raw_bytes,3760128,comp_bytes,246763,ratio,15.237811,res_mean_abs,7.480701e-01
ts,1770824444.513601,hook_idx,334,bucket_elems,270913,raw_bytes,1083652,comp_bytes,71119,ratio,15.237166,res_mean_abs,1.508429e+00
ts,1770824444.596927,hook_idx,335,bucket_elems,940032,raw_bytes,3760128,comp_bytes,246763,ratio,15.237811,res_mean_abs,8.152959e-01
ts,1770824444.640130,hook_idx,336,bucket_elems,270913,raw_bytes,1083652,comp_bytes,71119,ratio,15.237166,res_mean_abs,1.556379e+00
ts,1770824444.722219,hook_idx,337,bucket_elems,940032,raw_bytes,3760128,comp_bytes,246763,ratio,15.237811,res_mean_abs,8.896317e-01
ts,1770824444.765904,hook_idx,338,bucket_elems,270913,raw_bytes,1083652,comp_bytes,71119,ratio,15.237166,res_mean_abs,1.607723e+00
ts,1770824444.855122,hook_idx,339,bucket_elems,940032,raw_bytes,3760128,comp_bytes,246763,ratio,15.237811,res_mean_abs,9.719864e-01
ts,1770824444.906670,hook_idx,340,bucket_elems,270913,raw_bytes,1083652,comp_bytes,71119,ratio,15.237166,res_mean_abs,1.657862e+00
ts,1770824445.010875,hook_idx,341,bucket_elems,940032,raw_bytes,3760128,comp_bytes,246763,ratio,15.237811,res_mean_abs,1.063533e+00
ts,1770824445.065193,hook_idx,342,bucket_elems,270913,raw_bytes,1083652,comp_bytes,71119,ratio,15.237166,res_mean_abs,1.722449e+00
ts,1770824445.150394,hook_idx,343,bucket_elems,940032,raw_bytes,3760128,comp_bytes,246763,ratio,15.237811,res_mean_abs,1.166021e+00
ts,1770824445.194878,hook_idx,344,bucket_elems,270913,raw_bytes,1083652,comp_bytes,71119,ratio,15.237166,res_mean_abs,1.789651e+00
ts,1770824445.285998,hook_idx,345,bucket_elems,940032,raw_bytes,3760128,comp_bytes,246763,ratio,15.237811,res_mean_abs,1.276650e+00
ts,1770824445.349981,hook_idx,346,bucket_elems,270913,raw_bytes,1083652,comp_bytes,71119,ratio,15.237166,res_mean_abs,1.851325e+00
ts,1770824445.452284,hook_idx,347,bucket_elems,940032,raw_bytes,3760128,comp_bytes,246763,ratio,15.237811,res_mean_abs,1.399390e+00
ts,1770824445.505898,hook_idx,348,bucket_elems,270913,raw_bytes,1083652,comp_bytes,71119,ratio,15.237166,res_mean_abs,1.904853e+00
ts,1770824445.597384,hook_idx,349,bucket_elems,940032,raw_bytes,3760128,comp_bytes,246763,ratio,15.237811,res_mean_abs,1.533491e+00
ts,1770824445.656856,hook_idx,350,bucket_elems,270913,raw_bytes,1083652,comp_bytes,71119,ratio,15.237166,res_mean_abs,1.983387e+00
ts,1770824445.742008,hook_idx,351,bucket_elems,940032,raw_bytes,3760128,comp_bytes,246763,ratio,15.237811,res_mean_abs,1.680908e+00
ts,1770824445.790134,hook_idx,352,bucket_elems,270913,raw_bytes,1083652,comp_bytes,71119,ratio,15.237166,res_mean_abs,2.049142e+00
ts,1770824445.871601,hook_idx,353,bucket_elems,940032,raw_bytes,3760128,comp_bytes,246763,ratio,15.237811,res_mean_abs,1.844960e+00
ts,1770824445.913577,hook_idx,354,bucket_elems,270913,raw_bytes,1083652,comp_bytes,71119,ratio,15.237166,res_mean_abs,2.127337e+00
ts,1770824445.991429,hook_idx,355,bucket_elems,940032,raw_bytes,3760128,comp_bytes,246763,ratio,15.237811,res_mean_abs,2.025888e+00
ts,1770824446.031144,hook_idx,356,bucket_elems,270913,raw_bytes,1083652,comp_bytes,71119,ratio,15.237166,res_mean_abs,2.208563e+00
ts,1770824446.113444,hook_idx,357,bucket_elems,940032,raw_bytes,3760128,comp_bytes,246763,ratio,15.237811,res_mean_abs,2.232710e+00
ts,1770824446.156389,hook_idx,358,bucket_elems,270913,raw_bytes,1083652,comp_bytes,71119,ratio,15.237166,res_mean_abs,2.263304e+00
ts,1770824446.242026,hook_idx,359,bucket_elems,940032,raw_bytes,3760128,comp_bytes,246763,ratio,15.237811,res_mean_abs,2.459971e+00
ts,1770824446.295878,hook_idx,360,bucket_elems,270913,raw_bytes,1083652,comp_bytes,71119,ratio,15.237166,res_mean_abs,2.329941e+00
ts,1770824446.391945,hook_idx,361,bucket_elems,940032,raw_bytes,3760128,comp_bytes,246763,ratio,15.237811,res_mean_abs,2.711060e+00
ts,1770824446.440633,hook_idx,362,bucket_elems,270913,raw_bytes,1083652,comp_bytes,71119,ratio,15.237166,res_mean_abs,2.440454e+00
ts,1770824446.526149,hook_idx,363,bucket_elems,940032,raw_bytes,3760128,comp_bytes,246763,ratio,15.237811,res_mean_abs,2.982498e+00
ts,1770824446.567835,hook_idx,364,bucket_elems,270913,raw_bytes,1083652,comp_bytes,71119,ratio,15.237166,res_mean_abs,2.545011e+00
ts,1770824446.654015,hook_idx,365,bucket_elems,940032,raw_bytes,3760128,comp_bytes,246763,ratio,15.237811,res_mean_abs,3.276886e+00
ts,1770824446.696249,hook_idx,366,bucket_elems,270913,raw_bytes,1083652,comp_bytes,71119,ratio,15.237166,res_mean_abs,2.648033e+00
ts,1770824446.775144,hook_idx,367,bucket_elems,940032,raw_bytes,3760128,comp_bytes,246763,ratio,15.237811,res_mean_abs,3.598152e+00
ts,1770824446.815523,hook_idx,368,bucket_elems,270913,raw_bytes,1083652,comp_bytes,71119,ratio,15.237166,res_mean_abs,2.755641e+00
ts,1770824446.895746,hook_idx,369,bucket_elems,940032,raw_bytes,3760128,comp_bytes,246763,ratio,15.237811,res_mean_abs,3.958517e+00
ts,1770824446.937132,hook_idx,370,bucket_elems,270913,raw_bytes,1083652,comp_bytes,71119,ratio,15.237166,res_mean_abs,2.881145e+00
ts,1770824447.017170,hook_idx,371,bucket_elems,940032,raw_bytes,3760128,comp_bytes,246763,ratio,15.237811,res_mean_abs,4.339220e+00
ts,1770824447.059648,hook_idx,372,bucket_elems,270913,raw_bytes,1083652,comp_bytes,71119,ratio,15.237166,res_mean_abs,3.000069e+00
ts,1770824447.137225,hook_idx,373,bucket_elems,940032,raw_bytes,3760128,comp_bytes,246763,ratio,15.237811,res_mean_abs,4.773474e+00
ts,1770824447.179195,hook_idx,374,bucket_elems,270913,raw_bytes,1083652,comp_bytes,71119,ratio,15.237166,res_mean_abs,3.127844e+00
ts,1770824447.268671,hook_idx,375,bucket_elems,940032,raw_bytes,3760128,comp_bytes,246763,ratio,15.237811,res_mean_abs,5.247535e+00
ts,1770824447.317604,hook_idx,376,bucket_elems,270913,raw_bytes,1083652,comp_bytes,71119,ratio,15.237166,res_mean_abs,3.267463e+00
ts,1770824447.408092,hook_idx,377,bucket_elems,940032,raw_bytes,3760128,comp_bytes,246763,ratio,15.237811,res_mean_abs,5.758787e+00
ts,1770824447.504646,hook_idx,378,bucket_elems,270913,raw_bytes,1083652,comp_bytes,71119,ratio,15.237166,res_mean_abs,3.450520e+00
ts,1770824447.637346,hook_idx,379,bucket_elems,940032,raw_bytes,3760128,comp_bytes,246763,ratio,15.237811,res_mean_abs,6.340595e+00
ts,1770824447.729715,hook_idx,380,bucket_elems,270913,raw_bytes,1083652,comp_bytes,71119,ratio,15.237166,res_mean_abs,3.611506e+00
ts,1770824447.836927,hook_idx,381,bucket_elems,940032,raw_bytes,3760128,comp_bytes,246763,ratio,15.237811,res_mean_abs,6.994964e+00
ts,1770824447.896628,hook_idx,382,bucket_elems,270913,raw_bytes,1083652,comp_bytes,71119,ratio,15.237166,res_mean_abs,3.748018e+00
ts,1770824448.098750,hook_idx,383,bucket_elems,940032,raw_bytes,3760128,comp_bytes,246763,ratio,15.237811,res_mean_abs,7.686998e+00
ts,1770824448.157959,hook_idx,384,bucket_elems,270913,raw_bytes,1083652,comp_bytes,71119,ratio,15.237166,res_mean_abs,3.930325e+00
ts,1770824448.266540,hook_idx,385,bucket_elems,940032,raw_bytes,3760128,comp_bytes,246763,ratio,15.237811,res_mean_abs,8.450793e+00
ts,1770824448.316545,hook_idx,386,bucket_elems,270913,raw_bytes,1083652,comp_bytes,71119,ratio,15.237166,res_mean_abs,4.151734e+00
ts,1770824448.400981,hook_idx,387,bucket_elems,940032,raw_bytes,3760128,comp_bytes,246763,ratio,15.237811,res_mean_abs,9.315648e+00
ts,1770824448.458295,hook_idx,388,bucket_elems,270913,raw_bytes,1083652,comp_bytes,71119,ratio,15.237166,res_mean_abs,4.363192e+00
ts,1770824448.550539,hook_idx,389,bucket_elems,940032,raw_bytes,3760128,comp_bytes,246763,ratio,15.237811,res_mean_abs,1.019278e+01
ts,1770824448.603266,hook_idx,390,bucket_elems,270913,raw_bytes,1083652,comp_bytes,71119,ratio,15.237166,res_mean_abs,4.590868e+00
ts,1770824448.700564,hook_idx,391,bucket_elems,940032,raw_bytes,3760128,comp_bytes,246763,ratio,15.237811,res_mean_abs,1.116105e+01
ts,1770824448.743450,hook_idx,392,bucket_elems,270913,raw_bytes,1083652,comp_bytes,71119,ratio,15.237166,res_mean_abs,4.880356e+00
ts,1770824448.826120,hook_idx,393,bucket_elems,940032,raw_bytes,3760128,comp_bytes,246763,ratio,15.237811,res_mean_abs,1.221773e+01
ts,1770824448.868181,hook_idx,394,bucket_elems,270913,raw_bytes,1083652,comp_bytes,71119,ratio,15.237166,res_mean_abs,5.182959e+00
ts,1770824448.950057,hook_idx,395,bucket_elems,940032,raw_bytes,3760128,comp_bytes,246763,ratio,15.237811,res_mean_abs,1.342027e+01
ts,1770824448.992098,hook_idx,396,bucket_elems,270913,raw_bytes,1083652,comp_bytes,71119,ratio,15.237166,res_mean_abs,5.541175e+00
ts,1770824449.077128,hook_idx,397,bucket_elems,940032,raw_bytes,3760128,comp_bytes,246763,ratio,15.237811,res_mean_abs,1.474283e+01
ts,1770824449.133542,hook_idx,398,bucket_elems,270913,raw_bytes,1083652,comp_bytes,71119,ratio,15.237166,res_mean_abs,5.930910e+00
ts,1770824449.233380,hook_idx,399,bucket_elems,940032,raw_bytes,3760128,comp_bytes,246763,ratio,15.237811,res_mean_abs,1.624710e+01
