ts,1770823139.877752,hook_idx,1,bucket_elems,1210945,raw_bytes,4843780,comp_bytes,605473,ratio,7.999993,res_mean_abs,1.129513e-03
ts,1770823139.953776,hook_idx,2,bucket_elems,270913,raw_bytes,1083652,comp_bytes,135457,ratio,7.999970,res_mean_abs,2.260402e-03
ts,1770823140.022203,hook_idx,3,bucket_elems,940032,raw_bytes,3760128,comp_bytes,470016,ratio,8.000000,res_mean_abs,9.122321e-04
ts,1770823140.076003,hook_idx,4,bucket_elems,270913,raw_bytes,1083652,comp_bytes,135457,ratio,7.999970,res_mean_abs,1.482395e-02
ts,1770823140.143642,hook_idx,5,bucket_elems,940032,raw_bytes,3760128,comp_bytes,470016,ratio,8.000000,res_mean_abs,2.276659e-03
ts,1770823140.241845,hook_idx,6,bucket_elems,270913,raw_bytes,1083652,comp_bytes,135457,ratio,7.999970,res_mean_abs,1.422465e-02
ts,1770823140.355843,hook_idx,7,bucket_elems,940032,raw_bytes,3760128,comp_bytes,470016,ratio,8.000000,res_mean_abs,2.169307e-03
ts,1770823140.488334,hook_idx,8,bucket_elems,270913,raw_bytes,1083652,comp_bytes,135457,ratio,7.999970,res_mean_abs,1.346522e-02
ts,1770823140.593905,hook_idx,9,bucket_elems,940032,raw_bytes,3760128,comp_bytes,470016,ratio,8.000000,res_mean_abs,2.053979e-03
ts,1770823140.647056,hook_idx,10,bucket_elems,270913,raw_bytes,1083652,comp_bytes,135457,ratio,7.999970,res_mean_abs,1.266657e-02
ts,1770823140.817884,hook_idx,11,bucket_elems,940032,raw_bytes,3760128,comp_bytes,470016,ratio,8.000000,res_mean_abs,1.978630e-03
ts,1770823140.876811,hook_idx,12,bucket_elems,270913,raw_bytes,1083652,comp_bytes,135457,ratio,7.999970,res_mean_abs,1.197810e-02
ts,1770823140.938840,hook_idx,13,bucket_elems,940032,raw_bytes,3760128,comp_bytes,470016,ratio,8.000000,res_mean_abs,1.871494e-03
ts,1770823141.002160,hook_idx,14,bucket_elems,270913,raw_bytes,1083652,comp_bytes,135457,ratio,7.999970,res_mean_abs,1.126732e-02
ts,1770823141.059378,hook_idx,15,bucket_elems,940032,raw_bytes,3760128,comp_bytes,470016,ratio,8.000000,res_mean_abs,1.815973e-03
ts,1770823141.117529,hook_idx,16,bucket_elems,270913,raw_bytes,1083652,comp_bytes,135457,ratio,7.999970,res_mean_abs,1.104262e-02
ts,1770823141.167966,hook_idx,17,bucket_elems,940032,raw_bytes,3760128,comp_bytes,470016,ratio,8.000000,res_mean_abs,1.773891e-03
ts,1770823141.204535,hook_idx,18,bucket_elems,270913,raw_bytes,1083652,comp_bytes,135457,ratio,7.999970,res_mean_abs,1.070571e-02
ts,1770823141.251037,hook_idx,19,bucket_elems,940032,raw_bytes,3760128,comp_bytes,470016,ratio,8.000000,res_mean_abs,1.754738e-03
ts,1770823141.288043,hook_idx,20,bucket_elems,270913,raw_bytes,1083652,comp_bytes,135457,ratio,7.999970,res_mean_abs,1.042906e-02
ts,1770823141.318771,hook_idx,21,bucket_elems,940032,raw_bytes,3760128,comp_bytes,470016,ratio,8.000000,res_mean_abs,1.677614e-03
ts,1770823141.352612,hook_idx,22,bucket_elems,270913,raw_bytes,1083652,comp_bytes,135457,ratio,7.999970,res_mean_abs,9.744658e-03
ts,1770823141.405781,hook_idx,23,bucket_elems,940032,raw_bytes,3760128,comp_bytes,470016,ratio,8.000000,res_mean_abs,1.643523e-03
ts,1770823141.437044,hook_idx,24,bucket_elems,270913,raw_bytes,1083652,comp_bytes,135457,ratio,7.999970,res_mean_abs,9.227549e-03
ts,1770823141.475670,hook_idx,25,bucket_elems,940032,raw_bytes,3760128,comp_bytes,470016,ratio,8.000000,res_mean_abs,1.611969e-03
ts,1770823141.500928,hook_idx,26,bucket_elems,270913,raw_bytes,1083652,comp_bytes,135457,ratio,7.999970,res_mean_abs,9.116139e-03
ts,1770823141.529861,hook_idx,27,bucket_elems,940032,raw_bytes,3760128,comp_bytes,470016,ratio,8.000000,res_mean_abs,1.600618e-03
ts,1770823141.555402,hook_idx,28,bucket_elems,270913,raw_bytes,1083652,comp_bytes,135457,ratio,7.999970,res_mean_abs,9.056628e-03
ts,1770823141.583780,hook_idx,29,bucket_elems,940032,raw_bytes,3760128,comp_bytes,470016,ratio,8.000000,res_mean_abs,1.566335e-03
ts,1770823141.613457,hook_idx,30,bucket_elems,270913,raw_bytes,1083652,comp_bytes,135457,ratio,7.999970,res_mean_abs,9.020137e-03
ts,1770823141.642162,hook_idx,31,bucket_elems,940032,raw_bytes,3760128,comp_bytes,470016,ratio,8.000000,res_mean_abs,1.503082e-03
ts,1770823141.669288,hook_idx,32,bucket_elems,270913,raw_bytes,1083652,comp_bytes,135457,ratio,7.999970,res_mean_abs,8.857683e-03
ts,1770823141.698879,hook_idx,33,bucket_elems,940032,raw_bytes,3760128,comp_bytes,470016,ratio,8.000000,res_mean_abs,1.481128e-03
ts,1770823141.723708,hook_idx,34,bucket_elems,270913,raw_bytes,1083652,comp_bytes,135457,ratio,7.999970,res_mean_abs,8.336874e-03
ts,1770823141.755972,hook_idx,35,bucket_elems,940032,raw_bytes,3760128,comp_bytes,470016,ratio,8.000000,res_mean_abs,1.436893e-03
ts,1770823141.780301,hook_idx,36,bucket_elems,270913,raw_bytes,1083652,comp_bytes,135457,ratio,7.999970,res_mean_abs,8.178342e-03
ts,1770823141.810797,hook_idx,37,bucket_elems,940032,raw_bytes,3760128,comp_bytes,470016,ratio,8.000000,res_mean_abs,1.379636e-03
ts,1770823141.834742,hook_idx,38,bucket_elems,270913,raw_bytes,1083652,comp_bytes,135457,ratio,7.999970,res_mean_abs,7.660920e-03
ts,1770823141.862669,hook_idx,39,bucket_elems,940032,raw_bytes,3760128,comp_bytes,470016,ratio,8.000000,res_mean_abs,1.333751e-03
ts,1770823141.886321,hook_idx,40,bucket_elems,270913,raw_bytes,1083652,comp_bytes,135457,ratio,7.999970,res_mean_abs,7.429798e-03
ts,1770823141.915798,hook_idx,41,bucket_elems,940032,raw_bytes,3760128,comp_bytes,470016,ratio,8.000000,res_mean_abs,1.287385e-03
ts,1770823141.940245,hook_idx,42,bucket_elems,270913,raw_bytes,1083652,comp_bytes,135457,ratio,7.999970,res_mean_abs,7.164500e-03
ts,1770823141.969284,hook_idx,43,bucket_elems,940032,raw_bytes,3760128,comp_bytes,470016,ratio,8.000000,res_mean_abs,1.242615e-03
ts,1770823141.995913,hook_idx,44,bucket_elems,270913,raw_bytes,1083652,comp_bytes,135457,ratio,7.999970,res_mean_abs,7.159849e-03
ts,1770823142.025662,hook_idx,45,bucket_elems,940032,raw_bytes,3760128,comp_bytes,470016,ratio,8.000000,res_mean_abs,1.209653e-03
ts,1770823142.050695,hook_idx,46,bucket_elems,270913,raw_bytes,1083652,comp_bytes,135457,ratio,7.999970,res_mean_abs,7.135242e-03
ts,1770823142.080390,hook_idx,47,bucket_elems,940032,raw_bytes,3760128,comp_bytes,470016,ratio,8.000000,res_mean_abs,1.175556e-03
ts,1770823142.106457,hook_idx,48,bucket_elems,270913,raw_bytes,1083652,comp_bytes,135457,ratio,7.999970,res_mean_abs,7.103987e-03
ts,1770823142.136201,hook_idx,49,bucket_elems,940032,raw_bytes,3760128,comp_bytes,470016,ratio,8.000000,res_mean_abs,1.142870e-03
ts,1770823142.161614,hook_idx,50,bucket_elems,270913,raw_bytes,1083652,comp_bytes,135457,ratio,7.999970,res_mean_abs,6.906413e-03
ts,1770823142.186410,hook_idx,51,bucket_elems,940032,raw_bytes,3760128,comp_bytes,470016,ratio,8.000000,res_mean_abs,1.158311e-03
ts,1770823142.209866,hook_idx,52,bucket_elems,270913,raw_bytes,1083652,comp_bytes,135457,ratio,7.999970,res_mean_abs,6.663535e-03
ts,1770823142.246103,hook_idx,53,bucket_elems,940032,raw_bytes,3760128,comp_bytes,470016,ratio,8.000000,res_mean_abs,1.105391e-03
ts,1770823142.274055,hook_idx,54,bucket_elems,270913,raw_bytes,1083652,comp_bytes,135457,ratio,7.999970,res_mean_abs,6.286827e-03
ts,1770823142.312199,hook_idx,55,bucket_elems,940032,raw_bytes,3760128,comp_bytes,470016,ratio,8.000000,res_mean_abs,1.047465e-03
ts,1770823142.348474,hook_idx,56,bucket_elems,270913,raw_bytes,1083652,comp_bytes,135457,ratio,7.999970,res_mean_abs,6.171379e-03
ts,1770823142.380169,hook_idx,57,bucket_elems,940032,raw_bytes,3760128,comp_bytes,470016,ratio,8.000000,res_mean_abs,1.043861e-03
ts,1770823142.405699,hook_idx,58,bucket_elems,270913,raw_bytes,1083652,comp_bytes,135457,ratio,7.999970,res_mean_abs,6.124871e-03
ts,1770823142.438146,hook_idx,59,bucket_elems,940032,raw_bytes,3760128,comp_bytes,470016,ratio,8.000000,res_mean_abs,1.034713e-03
ts,1770823142.464091,hook_idx,60,bucket_elems,270913,raw_bytes,1083652,comp_bytes,135457,ratio,7.999970,res_mean_abs,6.147930e-03
ts,1770823142.493793,hook_idx,61,bucket_elems,940032,raw_bytes,3760128,comp_bytes,470016,ratio,8.000000,res_mean_abs,1.016019e-03
ts,1770823142.519025,hook_idx,62,bucket_elems,270913,raw_bytes,1083652,comp_bytes,135457,ratio,7.999970,res_mean_abs,6.099433e-03
ts,1770823142.548494,hook_idx,63,bucket_elems,940032,raw_bytes,3760128,comp_bytes,470016,ratio,8.000000,res_mean_abs,1.001639e-03
ts,1770823142.573024,hook_idx,64,bucket_elems,270913,raw_bytes,1083652,comp_bytes,135457,ratio,7.999970,res_mean_abs,6.100103e-03
ts,1770823142.606303,hook_idx,65,bucket_elems,940032,raw_bytes,3760128,comp_bytes,470016,ratio,8.000000,res_mean_abs,9.991418e-04
ts,1770823142.632240,hook_idx,66,bucket_elems,270913,raw_bytes,1083652,comp_bytes,135457,ratio,7.999970,res_mean_abs,5.932350e-03
ts,1770823142.662197,hook_idx,67,bucket_elems,940032,raw_bytes,3760128,comp_bytes,470016,ratio,8.000000,res_mean_abs,9.847973e-04
ts,1770823142.689159,hook_idx,68,bucket_elems,270913,raw_bytes,1083652,comp_bytes,135457,ratio,7.999970,res_mean_abs,5.875339e-03
ts,1770823142.717552,hook_idx,69,bucket_elems,940032,raw_bytes,3760128,comp_bytes,470016,ratio,8.000000,res_mean_abs,9.642342e-04
ts,1770823142.742961,hook_idx,70,bucket_elems,270913,raw_bytes,1083652,comp_bytes,135457,ratio,7.999970,res_mean_abs,5.797749e-03
ts,1770823142.773138,hook_idx,71,bucket_elems,940032,raw_bytes,3760128,comp_bytes,470016,ratio,8.000000,res_mean_abs,9.476221e-04
ts,1770823142.797929,hook_idx,72,bucket_elems,270913,raw_bytes,1083652,comp_bytes,135457,ratio,7.999970,res_mean_abs,5.768080e-03
ts,1770823142.828644,hook_idx,73,bucket_elems,940032,raw_bytes,3760128,comp_bytes,470016,ratio,8.000000,res_mean_abs,9.192953e-04
ts,1770823142.854180,hook_idx,74,bucket_elems,270913,raw_bytes,1083652,comp_bytes,135457,ratio,7.999970,res_mean_abs,5.792159e-03
ts,1770823142.885893,hook_idx,75,bucket_elems,940032,raw_bytes,3760128,comp_bytes,470016,ratio,8.000000,res_mean_abs,9.121860e-04
ts,1770823142.911538,hook_idx,76,bucket_elems,270913,raw_bytes,1083652,comp_bytes,135457,ratio,7.999970,res_mean_abs,5.759183e-03
ts,1770823142.940297,hook_idx,77,bucket_elems,940032,raw_bytes,3760128,comp_bytes,470016,ratio,8.000000,res_mean_abs,8.980926e-04
ts,1770823142.965803,hook_idx,78,bucket_elems,270913,raw_bytes,1083652,comp_bytes,135457,ratio,7.999970,res_mean_abs,5.810306e-03
ts,1770823142.995340,hook_idx,79,bucket_elems,940032,raw_bytes,3760128,comp_bytes,470016,ratio,8.000000,res_mean_abs,8.899571e-04
ts,1770823143.022323,hook_idx,80,bucket_elems,270913,raw_bytes,1083652,comp_bytes,135457,ratio,7.999970,res_mean_abs,5.777531e-03
ts,1770823143.052551,hook_idx,81,bucket_elems,940032,raw_bytes,3760128,comp_bytes,470016,ratio,8.000000,res_mean_abs,8.679461e-04
ts,1770823143.078543,hook_idx,82,bucket_elems,270913,raw_bytes,1083652,comp_bytes,135457,ratio,7.999970,res_mean_abs,5.652933e-03
ts,1770823143.111912,hook_idx,83,bucket_elems,940032,raw_bytes,3760128,comp_bytes,470016,ratio,8.000000,res_mean_abs,8.625669e-04
ts,1770823143.137719,hook_idx,84,bucket_elems,270913,raw_bytes,1083652,comp_bytes,135457,ratio,7.999970,res_mean_abs,5.570430e-03
ts,1770823143.168612,hook_idx,85,bucket_elems,940032,raw_bytes,3760128,comp_bytes,470016,ratio,8.000000,res_mean_abs,8.465974e-04
ts,1770823143.193827,hook_idx,86,bucket_elems,270913,raw_bytes,1083652,comp_bytes,135457,ratio,7.999970,res_mean_abs,5.619569e-03
ts,1770823143.223498,hook_idx,87,bucket_elems,940032,raw_bytes,3760128,comp_bytes,470016,ratio,8.000000,res_mean_abs,8.419213e-04
ts,1770823143.249166,hook_idx,88,bucket_elems,270913,raw_bytes,1083652,comp_bytes,135457,ratio,7.999970,res_mean_abs,5.587281e-03
ts,1770823143.283951,hook_idx,89,bucket_elems,940032,raw_bytes,3760128,comp_bytes,470016,ratio,8.000000,res_mean_abs,8.339316e-04
ts,1770823143.309625,hook_idx,90,bucket_elems,270913,raw_bytes,1083652,comp_bytes,135457,ratio,7.999970,res_mean_abs,5.580902e-03
ts,1770823143.340376,hook_idx,91,bucket_elems,940032,raw_bytes,3760128,comp_bytes,470016,ratio,8.000000,res_mean_abs,8.248866e-04
ts,1770823143.365009,hook_idx,92,bucket_elems,270913,raw_bytes,1083652,comp_bytes,135457,ratio,7.999970,res_mean_abs,5.555801e-03
ts,1770823143.395609,hook_idx,93,bucket_elems,940032,raw_bytes,3760128,comp_bytes,470016,ratio,8.000000,res_mean_abs,7.953999e-04
ts,1770823143.421494,hook_idx,94,bucket_elems,270913,raw_bytes,1083652,comp_bytes,135457,ratio,7.999970,res_mean_abs,5.446879e-03
ts,1770823143.456024,hook_idx,95,bucket_elems,940032,raw_bytes,3760128,comp_bytes,470016,ratio,8.000000,res_mean_abs,7.742746e-04
ts,1770823143.481412,hook_idx,96,bucket_elems,270913,raw_bytes,1083652,comp_bytes,135457,ratio,7.999970,res_mean_abs,5.449797e-03
ts,1770823143.512309,hook_idx,97,bucket_elems,940032,raw_bytes,3760128,comp_bytes,470016,ratio,8.000000,res_mean_abs,7.717217e-04
ts,1770823143.538304,hook_idx,98,bucket_elems,270913,raw_bytes,1083652,comp_bytes,135457,ratio,7.999970,res_mean_abs,5.441359e-03
ts,1770823143.566177,hook_idx,99,bucket_elems,940032,raw_bytes,3760128,comp_bytes,470016,ratio,8.000000,res_mean_abs,7.614850e-04
ts,1770823143.591568,hook_idx,100,bucket_elems,270913,raw_bytes,1083652,comp_bytes,135457,ratio,7.999970,res_mean_abs,5.420853e-03
ts,1770823143.619276,hook_idx,101,bucket_elems,940032,raw_bytes,3760128,comp_bytes,470016,ratio,8.000000,res_mean_abs,7.542788e-04
ts,1770823143.641776,hook_idx,102,bucket_elems,270913,raw_bytes,1083652,comp_bytes,135457,ratio,7.999970,res_mean_abs,5.398784e-03
ts,1770823143.672795,hook_idx,103,bucket_elems,940032,raw_bytes,3760128,comp_bytes,470016,ratio,8.000000,res_mean_abs,7.458522e-04
ts,1770823143.697800,hook_idx,104,bucket_elems,270913,raw_bytes,1083652,comp_bytes,135457,ratio,7.999970,res_mean_abs,5.324577e-03
ts,1770823143.728367,hook_idx,105,bucket_elems,940032,raw_bytes,3760128,comp_bytes,470016,ratio,8.000000,res_mean_abs,7.275409e-04
ts,1770823143.753346,hook_idx,106,bucket_elems,270913,raw_bytes,1083652,comp_bytes,135457,ratio,7.999970,res_mean_abs,5.296790e-03
ts,1770823143.781933,hook_idx,107,bucket_elems,940032,raw_bytes,3760128,comp_bytes,470016,ratio,8.000000,res_mean_abs,7.205514e-04
ts,1770823143.806850,hook_idx,108,bucket_elems,270913,raw_bytes,1083652,comp_bytes,135457,ratio,7.999970,res_mean_abs,5.280545e-03
ts,1770823143.837023,hook_idx,109,bucket_elems,940032,raw_bytes,3760128,comp_bytes,470016,ratio,8.000000,res_mean_abs,7.065990e-04
ts,1770823143.860224,hook_idx,110,bucket_elems,270913,raw_bytes,1083652,comp_bytes,135457,ratio,7.999970,res_mean_abs,5.261649e-03
ts,1770823143.887682,hook_idx,111,bucket_elems,940032,raw_bytes,3760128,comp_bytes,470016,ratio,8.000000,res_mean_abs,7.125439e-04
ts,1770823143.913350,hook_idx,112,bucket_elems,270913,raw_bytes,1083652,comp_bytes,135457,ratio,7.999970,res_mean_abs,5.227327e-03
ts,1770823143.943678,hook_idx,113,bucket_elems,940032,raw_bytes,3760128,comp_bytes,470016,ratio,8.000000,res_mean_abs,6.953946e-04
ts,1770823143.969656,hook_idx,114,bucket_elems,270913,raw_bytes,1083652,comp_bytes,135457,ratio,7.999970,res_mean_abs,5.240079e-03
ts,1770823144.000274,hook_idx,115,bucket_elems,940032,raw_bytes,3760128,comp_bytes,470016,ratio,8.000000,res_mean_abs,6.875563e-04
ts,1770823144.024162,hook_idx,116,bucket_elems,270913,raw_bytes,1083652,comp_bytes,135457,ratio,7.999970,res_mean_abs,5.174958e-03
ts,1770823144.055928,hook_idx,117,bucket_elems,940032,raw_bytes,3760128,comp_bytes,470016,ratio,8.000000,res_mean_abs,6.841538e-04
ts,1770823144.081700,hook_idx,118,bucket_elems,270913,raw_bytes,1083652,comp_bytes,135457,ratio,7.999970,res_mean_abs,5.165953e-03
ts,1770823144.111375,hook_idx,119,bucket_elems,940032,raw_bytes,3760128,comp_bytes,470016,ratio,8.000000,res_mean_abs,6.846735e-04
ts,1770823144.134942,hook_idx,120,bucket_elems,270913,raw_bytes,1083652,comp_bytes,135457,ratio,7.999970,res_mean_abs,5.143293e-03
ts,1770823144.163440,hook_idx,121,bucket_elems,940032,raw_bytes,3760128,comp_bytes,470016,ratio,8.000000,res_mean_abs,6.739594e-04
ts,1770823144.189711,hook_idx,122,bucket_elems,270913,raw_bytes,1083652,comp_bytes,135457,ratio,7.999970,res_mean_abs,5.143967e-03
ts,1770823144.218498,hook_idx,123,bucket_elems,940032,raw_bytes,3760128,comp_bytes,470016,ratio,8.000000,res_mean_abs,6.683341e-04
ts,1770823144.244424,hook_idx,124,bucket_elems,270913,raw_bytes,1083652,comp_bytes,135457,ratio,7.999970,res_mean_abs,5.139563e-03
ts,1770823144.269242,hook_idx,125,bucket_elems,940032,raw_bytes,3760128,comp_bytes,470016,ratio,8.000000,res_mean_abs,6.628226e-04
ts,1770823144.291634,hook_idx,126,bucket_elems,270913,raw_bytes,1083652,comp_bytes,135457,ratio,7.999970,res_mean_abs,5.157068e-03
ts,1770823144.323897,hook_idx,127,bucket_elems,940032,raw_bytes,3760128,comp_bytes,470016,ratio,8.000000,res_mean_abs,6.655437e-04
ts,1770823144.351103,hook_idx,128,bucket_elems,270913,raw_bytes,1083652,comp_bytes,135457,ratio,7.999970,res_mean_abs,5.135803e-03
ts,1770823144.382519,hook_idx,129,bucket_elems,940032,raw_bytes,3760128,comp_bytes,470016,ratio,8.000000,res_mean_abs,6.519321e-04
ts,1770823144.408730,hook_idx,130,bucket_elems,270913,raw_bytes,1083652,comp_bytes,135457,ratio,7.999970,res_mean_abs,5.137222e-03
ts,1770823144.435871,hook_idx,131,bucket_elems,940032,raw_bytes,3760128,comp_bytes,470016,ratio,8.000000,res_mean_abs,6.369565e-04
ts,1770823144.463250,hook_idx,132,bucket_elems,270913,raw_bytes,1083652,comp_bytes,135457,ratio,7.999970,res_mean_abs,5.116145e-03
ts,1770823144.490611,hook_idx,133,bucket_elems,940032,raw_bytes,3760128,comp_bytes,470016,ratio,8.000000,res_mean_abs,6.389123e-04
ts,1770823144.515520,hook_idx,134,bucket_elems,270913,raw_bytes,1083652,comp_bytes,135457,ratio,7.999970,res_mean_abs,5.096226e-03
ts,1770823144.546520,hook_idx,135,bucket_elems,940032,raw_bytes,3760128,comp_bytes,470016,ratio,8.000000,res_mean_abs,6.241868e-04
ts,1770823144.572605,hook_idx,136,bucket_elems,270913,raw_bytes,1083652,comp_bytes,135457,ratio,7.999970,res_mean_abs,5.118602e-03
ts,1770823144.601398,hook_idx,137,bucket_elems,940032,raw_bytes,3760128,comp_bytes,470016,ratio,8.000000,res_mean_abs,6.164396e-04
ts,1770823144.629392,hook_idx,138,bucket_elems,270913,raw_bytes,1083652,comp_bytes,135457,ratio,7.999970,res_mean_abs,5.122806e-03
ts,1770823144.656893,hook_idx,139,bucket_elems,940032,raw_bytes,3760128,comp_bytes,470016,ratio,8.000000,res_mean_abs,6.181205e-04
ts,1770823144.682136,hook_idx,140,bucket_elems,270913,raw_bytes,1083652,comp_bytes,135457,ratio,7.999970,res_mean_abs,5.088961e-03
ts,1770823144.712109,hook_idx,141,bucket_elems,940032,raw_bytes,3760128,comp_bytes,470016,ratio,8.000000,res_mean_abs,6.132619e-04
ts,1770823144.738456,hook_idx,142,bucket_elems,270913,raw_bytes,1083652,comp_bytes,135457,ratio,7.999970,res_mean_abs,5.134664e-03
ts,1770823144.767393,hook_idx,143,bucket_elems,940032,raw_bytes,3760128,comp_bytes,470016,ratio,8.000000,res_mean_abs,6.341710e-04
ts,1770823144.792926,hook_idx,144,bucket_elems,270913,raw_bytes,1083652,comp_bytes,135457,ratio,7.999970,res_mean_abs,5.126582e-03
ts,1770823144.823193,hook_idx,145,bucket_elems,940032,raw_bytes,3760128,comp_bytes,470016,ratio,8.000000,res_mean_abs,6.266726e-04
ts,1770823144.848946,hook_idx,146,bucket_elems,270913,raw_bytes,1083652,comp_bytes,135457,ratio,7.999970,res_mean_abs,5.117150e-03
ts,1770823144.879142,hook_idx,147,bucket_elems,940032,raw_bytes,3760128,comp_bytes,470016,ratio,8.000000,res_mean_abs,6.166545e-04
ts,1770823144.907852,hook_idx,148,bucket_elems,270913,raw_bytes,1083652,comp_bytes,135457,ratio,7.999970,res_mean_abs,5.077308e-03
ts,1770823144.936905,hook_idx,149,bucket_elems,940032,raw_bytes,3760128,comp_bytes,470016,ratio,8.000000,res_mean_abs,6.075838e-04
ts,1770823144.962733,hook_idx,150,bucket_elems,270913,raw_bytes,1083652,comp_bytes,135457,ratio,7.999970,res_mean_abs,5.113652e-03
ts,1770823144.992917,hook_idx,151,bucket_elems,940032,raw_bytes,3760128,comp_bytes,470016,ratio,8.000000,res_mean_abs,6.092016e-04
ts,1770823145.017630,hook_idx,152,bucket_elems,270913,raw_bytes,1083652,comp_bytes,135457,ratio,7.999970,res_mean_abs,5.090234e-03
ts,1770823145.045329,hook_idx,153,bucket_elems,940032,raw_bytes,3760128,comp_bytes,470016,ratio,8.000000,res_mean_abs,6.063053e-04
ts,1770823145.070870,hook_idx,154,bucket_elems,270913,raw_bytes,1083652,comp_bytes,135457,ratio,7.999970,res_mean_abs,5.108166e-03
ts,1770823145.104489,hook_idx,155,bucket_elems,940032,raw_bytes,3760128,comp_bytes,470016,ratio,8.000000,res_mean_abs,6.097330e-04
ts,1770823145.133269,hook_idx,156,bucket_elems,270913,raw_bytes,1083652,comp_bytes,135457,ratio,7.999970,res_mean_abs,5.114354e-03
ts,1770823145.161399,hook_idx,157,bucket_elems,940032,raw_bytes,3760128,comp_bytes,470016,ratio,8.000000,res_mean_abs,6.101396e-04
ts,1770823145.187224,hook_idx,158,bucket_elems,270913,raw_bytes,1083652,comp_bytes,135457,ratio,7.999970,res_mean_abs,5.083394e-03
ts,1770823145.235444,hook_idx,159,bucket_elems,940032,raw_bytes,3760128,comp_bytes,470016,ratio,8.000000,res_mean_abs,6.031028e-04
ts,1770823145.278106,hook_idx,160,bucket_elems,270913,raw_bytes,1083652,comp_bytes,135457,ratio,7.999970,res_mean_abs,5.071566e-03
ts,1770823145.312514,hook_idx,161,bucket_elems,940032,raw_bytes,3760128,comp_bytes,470016,ratio,8.000000,res_mean_abs,5.904913e-04
ts,1770823145.338991,hook_idx,162,bucket_elems,270913,raw_bytes,1083652,comp_bytes,135457,ratio,7.999970,res_mean_abs,5.076273e-03
ts,1770823145.369505,hook_idx,163,bucket_elems,940032,raw_bytes,3760128,comp_bytes,470016,ratio,8.000000,res_mean_abs,5.957342e-04
ts,1770823145.394391,hook_idx,164,bucket_elems,270913,raw_bytes,1083652,comp_bytes,135457,ratio,7.999970,res_mean_abs,5.080689e-03
ts,1770823145.424743,hook_idx,165,bucket_elems,940032,raw_bytes,3760128,comp_bytes,470016,ratio,8.000000,res_mean_abs,5.960161e-04
ts,1770823145.450851,hook_idx,166,bucket_elems,270913,raw_bytes,1083652,comp_bytes,135457,ratio,7.999970,res_mean_abs,5.063432e-03
ts,1770823145.478181,hook_idx,167,bucket_elems,940032,raw_bytes,3760128,comp_bytes,470016,ratio,8.000000,res_mean_abs,5.971338e-04
ts,1770823145.502422,hook_idx,168,bucket_elems,270913,raw_bytes,1083652,comp_bytes,135457,ratio,7.999970,res_mean_abs,5.056921e-03
ts,1770823145.532957,hook_idx,169,bucket_elems,940032,raw_bytes,3760128,comp_bytes,470016,ratio,8.000000,res_mean_abs,6.012661e-04
ts,1770823145.559089,hook_idx,170,bucket_elems,270913,raw_bytes,1083652,comp_bytes,135457,ratio,7.999970,res_mean_abs,5.035874e-03
ts,1770823145.584816,hook_idx,171,bucket_elems,940032,raw_bytes,3760128,comp_bytes,470016,ratio,8.000000,res_mean_abs,5.897065e-04
ts,1770823145.609301,hook_idx,172,bucket_elems,270913,raw_bytes,1083652,comp_bytes,135457,ratio,7.999970,res_mean_abs,5.010947e-03
ts,1770823145.640540,hook_idx,173,bucket_elems,940032,raw_bytes,3760128,comp_bytes,470016,ratio,8.000000,res_mean_abs,5.923102e-04
ts,1770823145.666250,hook_idx,174,bucket_elems,270913,raw_bytes,1083652,comp_bytes,135457,ratio,7.999970,res_mean_abs,5.027565e-03
ts,1770823145.695150,hook_idx,175,bucket_elems,940032,raw_bytes,3760128,comp_bytes,470016,ratio,8.000000,res_mean_abs,5.929727e-04
ts,1770823145.721131,hook_idx,176,bucket_elems,270913,raw_bytes,1083652,comp_bytes,135457,ratio,7.999970,res_mean_abs,5.007295e-03
ts,1770823145.751537,hook_idx,177,bucket_elems,940032,raw_bytes,3760128,comp_bytes,470016,ratio,8.000000,res_mean_abs,5.879677e-04
ts,1770823145.778924,hook_idx,178,bucket_elems,270913,raw_bytes,1083652,comp_bytes,135457,ratio,7.999970,res_mean_abs,5.020905e-03
ts,1770823145.808950,hook_idx,179,bucket_elems,940032,raw_bytes,3760128,comp_bytes,470016,ratio,8.000000,res_mean_abs,5.949780e-04
ts,1770823145.833404,hook_idx,180,bucket_elems,270913,raw_bytes,1083652,comp_bytes,135457,ratio,7.999970,res_mean_abs,5.008286e-03
ts,1770823145.861125,hook_idx,181,bucket_elems,940032,raw_bytes,3760128,comp_bytes,470016,ratio,8.000000,res_mean_abs,5.902226e-04
ts,1770823145.886696,hook_idx,182,bucket_elems,270913,raw_bytes,1083652,comp_bytes,135457,ratio,7.999970,res_mean_abs,5.024032e-03
ts,1770823145.916451,hook_idx,183,bucket_elems,940032,raw_bytes,3760128,comp_bytes,470016,ratio,8.000000,res_mean_abs,5.907443e-04
ts,1770823145.943589,hook_idx,184,bucket_elems,270913,raw_bytes,1083652,comp_bytes,135457,ratio,7.999970,res_mean_abs,4.981855e-03
ts,1770823145.974069,hook_idx,185,bucket_elems,940032,raw_bytes,3760128,comp_bytes,470016,ratio,8.000000,res_mean_abs,5.806242e-04
ts,1770823146.000917,hook_idx,186,bucket_elems,270913,raw_bytes,1083652,comp_bytes,135457,ratio,7.999970,res_mean_abs,4.991049e-03
ts,1770823146.033929,hook_idx,187,bucket_elems,940032,raw_bytes,3760128,comp_bytes,470016,ratio,8.000000,res_mean_abs,5.769067e-04
ts,1770823146.058319,hook_idx,188,bucket_elems,270913,raw_bytes,1083652,comp_bytes,135457,ratio,7.999970,res_mean_abs,5.015421e-03
ts,1770823146.087325,hook_idx,189,bucket_elems,940032,raw_bytes,3760128,comp_bytes,470016,ratio,8.000000,res_mean_abs,5.814204e-04
ts,1770823146.113720,hook_idx,190,bucket_elems,270913,raw_bytes,1083652,comp_bytes,135457,ratio,7.999970,res_mean_abs,5.015460e-03
ts,1770823146.142434,hook_idx,191,bucket_elems,940032,raw_bytes,3760128,comp_bytes,470016,ratio,8.000000,res_mean_abs,5.860305e-04
ts,1770823146.166558,hook_idx,192,bucket_elems,270913,raw_bytes,1083652,comp_bytes,135457,ratio,7.999970,res_mean_abs,4.983702e-03
ts,1770823146.197879,hook_idx,193,bucket_elems,940032,raw_bytes,3760128,comp_bytes,470016,ratio,8.000000,res_mean_abs,5.834416e-04
ts,1770823146.226008,hook_idx,194,bucket_elems,270913,raw_bytes,1083652,comp_bytes,135457,ratio,7.999970,res_mean_abs,4.980775e-03
ts,1770823146.257535,hook_idx,195,bucket_elems,940032,raw_bytes,3760128,comp_bytes,470016,ratio,8.000000,res_mean_abs,5.777487e-04
ts,1770823146.283986,hook_idx,196,bucket_elems,270913,raw_bytes,1083652,comp_bytes,135457,ratio,7.999970,res_mean_abs,4.950664e-03
ts,1770823146.311287,hook_idx,197,bucket_elems,940032,raw_bytes,3760128,comp_bytes,470016,ratio,8.000000,res_mean_abs,5.805932e-04
ts,1770823146.335733,hook_idx,198,bucket_elems,270913,raw_bytes,1083652,comp_bytes,135457,ratio,7.999970,res_mean_abs,4.926154e-03
ts,1770823146.362349,hook_idx,199,bucket_elems,940032,raw_bytes,3760128,comp_bytes,470016,ratio,8.000000,res_mean_abs,5.745181e-04
